severity,issue_type,product_id,product_name,variant_id,color,size,current_value,suggested_value,safe_auto_fix_candidate,requires_manual_decision,recommended_action,notes
"critical","Duplicate slugs","1","Nike Air Jordan 4","","","","slug=nike-air-jordan-4","nike-air-jordan-4-p1","false","true","review and assign canonical slug with redirect plan","Public URL risk. Redirects required after manual approval. Affected products: 1. DB slug: nike-air-jordan-4. Canonical proposal: keep primary slug and append product id for duplicates."
"critical","Duplicate slugs","2","Adidas Black White Running Sneakers for Men","","","","slug=adidas-black-white-running-sneakers","adidas-black-white-running-sneakers-p2","false","true","review and assign canonical slug with redirect plan","Public URL risk. Redirects required after manual approval. Affected products: 2. DB slug: adidas-black-white-running-sneakers. Canonical proposal: keep primary slug and append product id for duplicates."
"critical","Duplicate slugs","4","Adidas Terrex X Goretex-2 Sneakers","","","","slug=adidas-terrex-x-goretex-2","adidas-terrex-x-goretex-2-p4","false","true","review and assign canonical slug with redirect plan","Public URL risk. Redirects required after manual approval. Affected products: 4, 64. DB slug: nike-nike-air-jordan-4-copy. Canonical proposal: keep primary slug and append product id for duplicates."
"critical","Missing price source","5","DC Men's Black Casual Sneakers","","","","selling_price=0; sale_price=0; display_price=0","","false","true","enter selling price manually","Never invent prices. Use admin UI/export workflow for manual completion."
"critical","Duplicate slugs","7","Nike Shox Black Sneakers","","","","slug=nike-shox-black-sneakers","nike-shox-black-sneakers-p7","false","true","review and assign canonical slug with redirect plan","Public URL risk. Redirects required after manual approval. Affected products: 7. DB slug: nike-shox-black-sneakers. Canonical proposal: keep primary slug and append product id for duplicates."
"critical","Available with zero stock","7","Nike Shox Black Sneakers","","","","stock=0; status=active; is_active=true","","false","true","mark unavailable or update stock","Product is active but has no stock. Keep AI from treating it as sellable until stock is reconciled."
"critical","Missing price source","7","Nike Shox Black Sneakers","","","","selling_price=0; sale_price=0; display_price=0","","false","true","enter selling price manually","Never invent prices. Use admin UI/export workflow for manual completion."
"critical","Duplicate slugs","8","Nike Dunk Low White Black Sneakers","","","","slug=nike-dunk-low-white-black-sneakers","nike-dunk-low-white-black-sneakers-p8","false","true","review and assign canonical slug with redirect plan","Public URL risk. Redirects required after manual approval. Affected products: 8. DB slug: nike-dunk-low-white-black-sneakers. Canonical proposal: keep primary slug and append product id for duplicates."
"critical","Missing price source","8","Nike Dunk Low White Black Sneakers","","","","selling_price=0; sale_price=0; display_price=0","","false","true","enter selling price manually","Never invent prices. Use admin UI/export workflow for manual completion."
"critical","Duplicate slugs","9","ASICS Sneakers","","","","slug=asics-blue-white-sneakers","asics-blue-white-sneakers-p9","false","true","review and assign canonical slug with redirect plan","Public URL risk. Redirects required after manual approval. Affected products: 9. DB slug: asics-blue-white-sneakers. Canonical proposal: keep primary slug and append product id for duplicates."
"critical","Missing price source","9","ASICS Sneakers","","","","selling_price=0; sale_price=0; display_price=0","","false","true","enter selling price manually","Never invent prices. Use admin UI/export workflow for manual completion."
"critical","Duplicate slugs","10","QA Test Product","","","","slug=qa-test-product","qa-test-product-p10","false","true","review and assign canonical slug with redirect plan","Public URL risk. Redirects required after manual approval. Affected products: 10. DB slug: qa-test-product. Canonical proposal: keep primary slug and append product id for duplicates."
"critical","Duplicate slugs","25","Adidas Terrex X Goretex-2","","","","slug=adidas-terrex-x-goretex-2-white-black","adidas-terrex-x-goretex-2-white-black-p25","false","true","review and assign canonical slug with redirect plan","Public URL risk. Redirects required after manual approval. Affected products: 25. DB slug: adidas-terrex-x-goretex-2-white-black. Canonical proposal: keep primary slug and append product id for duplicates."
"critical","Available with zero stock","25","Adidas Terrex X Goretex-2","","","","stock=0; status=active; is_active=true","","false","true","mark unavailable or update stock","Product is active but has no stock. Keep AI from treating it as sellable until stock is reconciled."
"critical","Missing price source","25","Adidas Terrex X Goretex-2","","","","selling_price=0; sale_price=0; display_price=0","","false","true","enter selling price manually","Never invent prices. Use admin UI/export workflow for manual completion."
"critical","Duplicate slugs","26","شراب","","","","slug=شراب","شراب-p26","false","true","review and assign canonical slug with redirect plan","Public URL risk. Redirects required after manual approval. Affected products: 26. DB slug: شراب. Canonical proposal: keep primary slug and append product id for duplicates."
"critical","Duplicate slugs","27","Nike White and Black Casual Sneakers","","","","slug=nike-white-black-sneakers-men","nike-white-black-sneakers-men-p27","false","true","review and assign canonical slug with redirect plan","Public URL risk. Redirects required after manual approval. Affected products: 27. DB slug: nike-white-black-sneakers-men. Canonical proposal: keep primary slug and append product id for duplicates."
"critical","Missing price source","27","Nike White and Black Casual Sneakers","","","","selling_price=0; sale_price=0; display_price=0","","false","true","enter selling price manually","Never invent prices. Use admin UI/export workflow for manual completion."
"critical","Duplicate slugs","28","Nike White and Black Casual Sneakers Copy","","","","slug=nike-white-and-black-casual-sneakers-copy","nike-white-and-black-casual-sneakers-copy-p28","false","true","review and assign canonical slug with redirect plan","Public URL risk. Redirects required after manual approval. Affected products: 28. DB slug: nike-white-and-black-casual-sneakers-copy. Canonical proposal: keep primary slug and append product id for duplicates."
"critical","Missing price source","28","Nike White and Black Casual Sneakers Copy","","","","selling_price=0; sale_price=0; display_price=0","","false","true","enter selling price manually","Never invent prices. Use admin UI/export workflow for manual completion."
"critical","Duplicate slugs","29","Nike White and Black Casual Sneakers Copy Copy","","","","slug=nike-white-and-black-casual-sneakers-copy-copy","nike-white-and-black-casual-sneakers-copy-copy-p29","false","true","review and assign canonical slug with redirect plan","Public URL risk. Redirects required after manual approval. Affected products: 29. DB slug: nike-white-and-black-casual-sneakers-copy-copy. Canonical proposal: keep primary slug and append product id for duplicates."
"critical","Duplicate slugs","31","QA Treasury Incoming 1779568419544","","","","slug=qa-treasury-incoming-1779568419544","qa-treasury-incoming-1779568419544-p31","false","true","review and assign canonical slug with redirect plan","Public URL risk. Redirects required after manual approval. Affected products: 31. DB slug: qa-treasury-incoming-1779568419544. Canonical proposal: keep primary slug and append product id for duplicates."
"critical","Duplicate slugs","32","QA Order Items Live 1780084726569","","","","slug=qa-order-items-live-1780084726569","qa-order-items-live-1780084726569-p32","false","true","review and assign canonical slug with redirect plan","Public URL risk. Redirects required after manual approval. Affected products: 32. DB slug: qa-order-items-live-1780084726569. Canonical proposal: keep primary slug and append product id for duplicates."
"critical","Duplicate slugs","33","QA Order Items Live 1780084816245","","","","slug=qa-order-items-live-1780084816245","qa-order-items-live-1780084816245-p33","false","true","review and assign canonical slug with redirect plan","Public URL risk. Redirects required after manual approval. Affected products: 33. DB slug: qa-order-items-live-1780084816245. Canonical proposal: keep primary slug and append product id for duplicates."
"critical","Duplicate slugs","34","QA AI Order Items Live 1780084816245","","","","slug=qa-ai-order-items-live-1780084816245","qa-ai-order-items-live-1780084816245-p34","false","true","review and assign canonical slug with redirect plan","Public URL risk. Redirects required after manual approval. Affected products: 34. DB slug: qa-ai-order-items-live-1780084816245. Canonical proposal: keep primary slug and append product id for duplicates."
"critical","Duplicate slugs","35","Edit Due Test 1780090465911-99171","","","","slug=edit-due-test-1780090465911-99171","edit-due-test-1780090465911-99171-p35","false","true","review and assign canonical slug with redirect plan","Public URL risk. Redirects required after manual approval. Affected products: 35. DB slug: edit-due-test-1780090465911-99171. Canonical proposal: keep primary slug and append product id for duplicates."
"critical","Available with zero stock","35","Edit Due Test 1780090465911-99171","","","","stock=100; status=active; is_active=true","","false","true","mark unavailable or update stock","Product is active but has no stock. Keep AI from treating it as sellable until stock is reconciled."
"critical","Duplicate slugs","37","Edit Due Test 1780090682992-14020","","","","slug=edit-due-test-1780090682992-14020","edit-due-test-1780090682992-14020-p37","false","true","review and assign canonical slug with redirect plan","Public URL risk. Redirects required after manual approval. Affected products: 37. DB slug: edit-due-test-1780090682992-14020. Canonical proposal: keep primary slug and append product id for duplicates."
"critical","Duplicate slugs","38","Edit Due Test 1780090683254-91403","","","","slug=edit-due-test-1780090683254-91403","edit-due-test-1780090683254-91403-p38","false","true","review and assign canonical slug with redirect plan","Public URL risk. Redirects required after manual approval. Affected products: 38. DB slug: edit-due-test-1780090683254-91403. Canonical proposal: keep primary slug and append product id for duplicates."
"critical","Duplicate slugs","39","Edit Due Test 1780090683323-8217","","","","slug=edit-due-test-1780090683323-8217","edit-due-test-1780090683323-8217-p39","false","true","review and assign canonical slug with redirect plan","Public URL risk. Redirects required after manual approval. Affected products: 39. DB slug: edit-due-test-1780090683323-8217. Canonical proposal: keep primary slug and append product id for duplicates."
"critical","Duplicate slugs","40","Purchase Save Perf 1780107202476-8676-1","","","","slug=purchase-save-perf-1780107202476-8676-1","purchase-save-perf-1780107202476-8676-1-p40","false","true","review and assign canonical slug with redirect plan","Public URL risk. Redirects required after manual approval. Affected products: 40. DB slug: purchase-save-perf-1780107202476-8676-1. Canonical proposal: keep primary slug and append product id for duplicates."
"critical","Duplicate slugs","41","Purchase Save Perf 1780107202476-8676-2","","","","slug=purchase-save-perf-1780107202476-8676-2","purchase-save-perf-1780107202476-8676-2-p41","false","true","review and assign canonical slug with redirect plan","Public URL risk. Redirects required after manual approval. Affected products: 41. DB slug: purchase-save-perf-1780107202476-8676-2. Canonical proposal: keep primary slug and append product id for duplicates."
"critical","Duplicate slugs","42","Purchase Save Perf 1780107202476-8676-3","","","","slug=purchase-save-perf-1780107202476-8676-3","purchase-save-perf-1780107202476-8676-3-p42","false","true","review and assign canonical slug with redirect plan","Public URL risk. Redirects required after manual approval. Affected products: 42. DB slug: purchase-save-perf-1780107202476-8676-3. Canonical proposal: keep primary slug and append product id for duplicates."
"critical","Duplicate slugs","43","Purchase Save Perf 1780107202476-8676-4","","","","slug=purchase-save-perf-1780107202476-8676-4","purchase-save-perf-1780107202476-8676-4-p43","false","true","review and assign canonical slug with redirect plan","Public URL risk. Redirects required after manual approval. Affected products: 43. DB slug: purchase-save-perf-1780107202476-8676-4. Canonical proposal: keep primary slug and append product id for duplicates."
"critical","Duplicate slugs","44","Purchase Save Perf 1780107202476-8676-5","","","","slug=purchase-save-perf-1780107202476-8676-5","purchase-save-perf-1780107202476-8676-5-p44","false","true","review and assign canonical slug with redirect plan","Public URL risk. Redirects required after manual approval. Affected products: 44. DB slug: purchase-save-perf-1780107202476-8676-5. Canonical proposal: keep primary slug and append product id for duplicates."
"critical","Duplicate slugs","45","Purchase Save Perf 1780107245420-69402-1","","","","slug=purchase-save-perf-1780107245420-69402-1","purchase-save-perf-1780107245420-69402-1-p45","false","true","review and assign canonical slug with redirect plan","Public URL risk. Redirects required after manual approval. Affected products: 45. DB slug: purchase-save-perf-1780107245420-69402-1. Canonical proposal: keep primary slug and append product id for duplicates."
"critical","Duplicate slugs","46","Purchase Save Perf 1780107245420-69402-2","","","","slug=purchase-save-perf-1780107245420-69402-2","purchase-save-perf-1780107245420-69402-2-p46","false","true","review and assign canonical slug with redirect plan","Public URL risk. Redirects required after manual approval. Affected products: 46. DB slug: purchase-save-perf-1780107245420-69402-2. Canonical proposal: keep primary slug and append product id for duplicates."
"critical","Duplicate slugs","47","Purchase Save Perf 1780107245420-69402-3","","","","slug=purchase-save-perf-1780107245420-69402-3","purchase-save-perf-1780107245420-69402-3-p47","false","true","review and assign canonical slug with redirect plan","Public URL risk. Redirects required after manual approval. Affected products: 47. DB slug: purchase-save-perf-1780107245420-69402-3. Canonical proposal: keep primary slug and append product id for duplicates."
"critical","Duplicate slugs","48","Purchase Save Perf 1780107245420-69402-4","","","","slug=purchase-save-perf-1780107245420-69402-4","purchase-save-perf-1780107245420-69402-4-p48","false","true","review and assign canonical slug with redirect plan","Public URL risk. Redirects required after manual approval. Affected products: 48. DB slug: purchase-save-perf-1780107245420-69402-4. Canonical proposal: keep primary slug and append product id for duplicates."
"critical","Duplicate slugs","49","Purchase Save Perf 1780107245420-69402-5","","","","slug=purchase-save-perf-1780107245420-69402-5","purchase-save-perf-1780107245420-69402-5-p49","false","true","review and assign canonical slug with redirect plan","Public URL risk. Redirects required after manual approval. Affected products: 49. DB slug: purchase-save-perf-1780107245420-69402-5. Canonical proposal: keep primary slug and append product id for duplicates."
"critical","Duplicate slugs","50","Purchase Save Perf 1780107399735-19711-1","","","","slug=purchase-save-perf-1780107399735-19711-1","purchase-save-perf-1780107399735-19711-1-p50","false","true","review and assign canonical slug with redirect plan","Public URL risk. Redirects required after manual approval. Affected products: 50. DB slug: purchase-save-perf-1780107399735-19711-1. Canonical proposal: keep primary slug and append product id for duplicates."
"critical","Duplicate slugs","51","Purchase Save Perf 1780107399735-19711-2","","","","slug=purchase-save-perf-1780107399735-19711-2","purchase-save-perf-1780107399735-19711-2-p51","false","true","review and assign canonical slug with redirect plan","Public URL risk. Redirects required after manual approval. Affected products: 51. DB slug: purchase-save-perf-1780107399735-19711-2. Canonical proposal: keep primary slug and append product id for duplicates."
"critical","Duplicate slugs","52","Purchase Save Perf 1780107399735-19711-3","","","","slug=purchase-save-perf-1780107399735-19711-3","purchase-save-perf-1780107399735-19711-3-p52","false","true","review and assign canonical slug with redirect plan","Public URL risk. Redirects required after manual approval. Affected products: 52. DB slug: purchase-save-perf-1780107399735-19711-3. Canonical proposal: keep primary slug and append product id for duplicates."
"critical","Duplicate slugs","53","Purchase Save Perf 1780107399735-19711-4","","","","slug=purchase-save-perf-1780107399735-19711-4","purchase-save-perf-1780107399735-19711-4-p53","false","true","review and assign canonical slug with redirect plan","Public URL risk. Redirects required after manual approval. Affected products: 53. DB slug: purchase-save-perf-1780107399735-19711-4. Canonical proposal: keep primary slug and append product id for duplicates."
"critical","Duplicate slugs","54","Purchase Save Perf 1780107399735-19711-5","","","","slug=purchase-save-perf-1780107399735-19711-5","purchase-save-perf-1780107399735-19711-5-p54","false","true","review and assign canonical slug with redirect plan","Public URL risk. Redirects required after manual approval. Affected products: 54. DB slug: purchase-save-perf-1780107399735-19711-5. Canonical proposal: keep primary slug and append product id for duplicates."
"critical","Duplicate slugs","55","Purchase Save Perf 1780107627699-17428-1","","","","slug=purchase-save-perf-1780107627699-17428-1","purchase-save-perf-1780107627699-17428-1-p55","false","true","review and assign canonical slug with redirect plan","Public URL risk. Redirects required after manual approval. Affected products: 55. DB slug: purchase-save-perf-1780107627699-17428-1. Canonical proposal: keep primary slug and append product id for duplicates."
"critical","Duplicate slugs","56","Purchase Save Perf 1780107627699-17428-2","","","","slug=purchase-save-perf-1780107627699-17428-2","purchase-save-perf-1780107627699-17428-2-p56","false","true","review and assign canonical slug with redirect plan","Public URL risk. Redirects required after manual approval. Affected products: 56. DB slug: purchase-save-perf-1780107627699-17428-2. Canonical proposal: keep primary slug and append product id for duplicates."
"critical","Duplicate slugs","57","Purchase Save Perf 1780107627699-17428-3","","","","slug=purchase-save-perf-1780107627699-17428-3","purchase-save-perf-1780107627699-17428-3-p57","false","true","review and assign canonical slug with redirect plan","Public URL risk. Redirects required after manual approval. Affected products: 57. DB slug: purchase-save-perf-1780107627699-17428-3. Canonical proposal: keep primary slug and append product id for duplicates."
"critical","Duplicate slugs","58","Purchase Save Perf 1780107627699-17428-4","","","","slug=purchase-save-perf-1780107627699-17428-4","purchase-save-perf-1780107627699-17428-4-p58","false","true","review and assign canonical slug with redirect plan","Public URL risk. Redirects required after manual approval. Affected products: 58. DB slug: purchase-save-perf-1780107627699-17428-4. Canonical proposal: keep primary slug and append product id for duplicates."
"critical","Duplicate slugs","59","Purchase Save Perf 1780107627699-17428-5","","","","slug=purchase-save-perf-1780107627699-17428-5","purchase-save-perf-1780107627699-17428-5-p59","false","true","review and assign canonical slug with redirect plan","Public URL risk. Redirects required after manual approval. Affected products: 59. DB slug: purchase-save-perf-1780107627699-17428-5. Canonical proposal: keep primary slug and append product id for duplicates."
"critical","Duplicate slugs","60","Jordan 4","","","","slug=jordan-4","jordan-4-p60","false","true","review and assign canonical slug with redirect plan","Public URL risk. Redirects required after manual approval. Affected products: 60. DB slug: jordan-4. Canonical proposal: keep primary slug and append product id for duplicates."
"critical","Missing price source","60","Jordan 4","","","","selling_price=0; sale_price=0; display_price=0","","false","true","enter selling price manually","Never invent prices. Use admin UI/export workflow for manual completion."
"critical","Duplicate slugs","64","Adidas Terrex X Goretex-2 نسخة","","","","slug=adidas-terrex-x-goretex-2","adidas-terrex-x-goretex-2-p64","false","true","review and assign canonical slug with redirect plan","Public URL risk. Redirects required after manual approval. Affected products: 4, 64. DB slug: adidas-terrex-x-goretex-2. Canonical proposal: keep primary slug and append product id for duplicates."
"medium","Missing Arabic search keywords","1","Nike Air Jordan 4","","","","{""seo_keywords"":""grey black sneakers, men's casual shoes, Nike Air Jordan 4""}","","false","true","add Arabic search keywords","Manual review required."
"medium","Search discoverability failures","1","Nike Air Jordan 4","","","","{""best_self_score"":10,""queries"":[""Nike Air Jordan 4"",""Nike Nike Air Jordan 4"",""nike-air-jordan-4"",""NK-J4-M-MIR"",""Nike sneakers""]}","","false","true","improve aliases and keyword coverage","Manual review required."
"medium","Low AI recommendation confidence","1","Nike Air Jordan 4","","","","{""best_self_score"":10,""queries"":[""Nike Air Jordan 4"",""Nike Nike Air Jordan 4"",""nike-air-jordan-4"",""NK-J4-M-MIR"",""Nike sneakers""]}","","false","true","improve aliases and keyword coverage","Manual review required."
"medium","Missing Arabic search keywords","2","Adidas Black White Running Sneakers for Men","","","","{""seo_keywords"":""white black running sneakers, Adidas casual shoes, men's athletic footwear""}","","false","true","add Arabic search keywords","Manual review required."
"medium","Stock inconsistencies","2","Adidas Black White Running Sneakers for Men","","","","product_stock=0; variant_stock_sum=0; active_variant_stock_sum=0","derive from variant stock (0)","false","true","reconcile product stock with variant stock","Derive AI-facing availability from active variant stock where the product is variant-managed; do not write back automatically."
"medium","Variant stock gaps","2","Adidas Black White Running Sneakers for Men","27","Black & Gray","42","stock=0; is_active=true","","false","true","reconcile or retire the variant","Variant is active but out of stock. Reconcile stock or retire from sellable catalog."
"medium","Variant stock gaps","2","Adidas Black White Running Sneakers for Men","28","Black & Gray","43","stock=0; is_active=true","","false","true","reconcile or retire the variant","Variant is active but out of stock. Reconcile stock or retire from sellable catalog."
"medium","Variant stock gaps","2","Adidas Black White Running Sneakers for Men","29","Black & Gray","44","stock=0; is_active=true","","false","true","reconcile or retire the variant","Variant is active but out of stock. Reconcile stock or retire from sellable catalog."
"medium","Variant stock gaps","2","Adidas Black White Running Sneakers for Men","30","Black & Gray","45","stock=0; is_active=true","","false","true","reconcile or retire the variant","Variant is active but out of stock. Reconcile stock or retire from sellable catalog."
"medium","Duplicate article codes","2","Adidas Black White Running Sneakers for Men","31","White & Black","41","article_code=nk-j4-m-mir-2-blk-41-2","","false","true","review article codes manually","Do not auto-change article codes unless the code is a clearly generated placeholder and business approves."
"medium","Missing variant images","2","Adidas Black White Running Sneakers for Men","31","White & Black","41","variant image missing","use product main image fallback","false","true","upload/fix variant image or approve fallback","Fallback possible only with business approval; do not mutate the image record automatically."
"medium","Duplicate article codes","2","Adidas Black White Running Sneakers for Men","32","White & Black","42","article_code=nk-j4-m-mir-2-blk-42-2","","false","true","review article codes manually","Do not auto-change article codes unless the code is a clearly generated placeholder and business approves."
"medium","Missing variant images","2","Adidas Black White Running Sneakers for Men","32","White & Black","42","variant image missing","use product main image fallback","false","true","upload/fix variant image or approve fallback","Fallback possible only with business approval; do not mutate the image record automatically."
"medium","Duplicate article codes","2","Adidas Black White Running Sneakers for Men","33","White & Black","43","article_code=nk-j4-m-mir-2-blk-43-2","","false","true","review article codes manually","Do not auto-change article codes unless the code is a clearly generated placeholder and business approves."
"medium","Missing variant images","2","Adidas Black White Running Sneakers for Men","33","White & Black","43","variant image missing","use product main image fallback","false","true","upload/fix variant image or approve fallback","Fallback possible only with business approval; do not mutate the image record automatically."
"medium","Duplicate article codes","2","Adidas Black White Running Sneakers for Men","34","White & Black","44","article_code=nk-j4-m-mir-2-blk-44-2","","false","true","review article codes manually","Do not auto-change article codes unless the code is a clearly generated placeholder and business approves."
"medium","Missing variant images","2","Adidas Black White Running Sneakers for Men","34","White & Black","44","variant image missing","use product main image fallback","false","true","upload/fix variant image or approve fallback","Fallback possible only with business approval; do not mutate the image record automatically."
"medium","Duplicate article codes","2","Adidas Black White Running Sneakers for Men","35","White & Black","45","article_code=nk-j4-m-mir-2-blk-45-2","","false","true","review article codes manually","Do not auto-change article codes unless the code is a clearly generated placeholder and business approves."
"medium","Missing variant images","2","Adidas Black White Running Sneakers for Men","35","White & Black","45","variant image missing","use product main image fallback","false","true","upload/fix variant image or approve fallback","Fallback possible only with business approval; do not mutate the image record automatically."
"medium","Duplicate article codes","2","Adidas Black White Running Sneakers for Men","36","Black","41","article_code=nk-j4-m-mir-2-blk-41-3","","false","true","review article codes manually","Do not auto-change article codes unless the code is a clearly generated placeholder and business approves."
"medium","Missing variant images","2","Adidas Black White Running Sneakers for Men","36","Black","41","variant image missing","use product main image fallback","false","true","upload/fix variant image or approve fallback","Fallback possible only with business approval; do not mutate the image record automatically."
"medium","Duplicate article codes","2","Adidas Black White Running Sneakers for Men","37","Black","42","article_code=nk-j4-m-mir-2-blk-42-3","","false","true","review article codes manually","Do not auto-change article codes unless the code is a clearly generated placeholder and business approves."
"medium","Missing variant images","2","Adidas Black White Running Sneakers for Men","37","Black","42","variant image missing","use product main image fallback","false","true","upload/fix variant image or approve fallback","Fallback possible only with business approval; do not mutate the image record automatically."
"medium","Duplicate article codes","2","Adidas Black White Running Sneakers for Men","38","Black","43","article_code=nk-j4-m-mir-2-blk-43-3","","false","true","review article codes manually","Do not auto-change article codes unless the code is a clearly generated placeholder and business approves."
"medium","Missing variant images","2","Adidas Black White Running Sneakers for Men","38","Black","43","variant image missing","use product main image fallback","false","true","upload/fix variant image or approve fallback","Fallback possible only with business approval; do not mutate the image record automatically."
"medium","Duplicate article codes","2","Adidas Black White Running Sneakers for Men","39","Black","44","article_code=nk-j4-m-mir-2-blk-44-3","","false","true","review article codes manually","Do not auto-change article codes unless the code is a clearly generated placeholder and business approves."
"medium","Missing variant images","2","Adidas Black White Running Sneakers for Men","39","Black","44","variant image missing","use product main image fallback","false","true","upload/fix variant image or approve fallback","Fallback possible only with business approval; do not mutate the image record automatically."
"medium","Duplicate article codes","2","Adidas Black White Running Sneakers for Men","40","Black","45","article_code=nk-j4-m-mir-2-blk-45-3","","false","true","review article codes manually","Do not auto-change article codes unless the code is a clearly generated placeholder and business approves."
"medium","Missing variant images","2","Adidas Black White Running Sneakers for Men","40","Black","45","variant image missing","use product main image fallback","false","true","upload/fix variant image or approve fallback","Fallback possible only with business approval; do not mutate the image record automatically."
"medium","Duplicate article codes","2","Adidas Black White Running Sneakers for Men","41","Grey","41","article_code=nk-j4-m-mir-2-gry-41","","false","true","review article codes manually","Do not auto-change article codes unless the code is a clearly generated placeholder and business approves."
"medium","Missing variant images","2","Adidas Black White Running Sneakers for Men","41","Grey","41","variant image missing","use product main image fallback","false","true","upload/fix variant image or approve fallback","Fallback possible only with business approval; do not mutate the image record automatically."
"medium","Duplicate article codes","2","Adidas Black White Running Sneakers for Men","42","Grey","42","article_code=nk-j4-m-mir-2-gry-42","","false","true","review article codes manually","Do not auto-change article codes unless the code is a clearly generated placeholder and business approves."
"medium","Missing variant images","2","Adidas Black White Running Sneakers for Men","42","Grey","42","variant image missing","use product main image fallback","false","true","upload/fix variant image or approve fallback","Fallback possible only with business approval; do not mutate the image record automatically."
"medium","Duplicate article codes","2","Adidas Black White Running Sneakers for Men","43","Grey","43","article_code=nk-j4-m-mir-2-gry-43","","false","true","review article codes manually","Do not auto-change article codes unless the code is a clearly generated placeholder and business approves."
"medium","Missing variant images","2","Adidas Black White Running Sneakers for Men","43","Grey","43","variant image missing","use product main image fallback","false","true","upload/fix variant image or approve fallback","Fallback possible only with business approval; do not mutate the image record automatically."
"medium","Duplicate article codes","2","Adidas Black White Running Sneakers for Men","44","Grey","44","article_code=nk-j4-m-mir-2-gry-44","","false","true","review article codes manually","Do not auto-change article codes unless the code is a clearly generated placeholder and business approves."
"medium","Missing variant images","2","Adidas Black White Running Sneakers for Men","44","Grey","44","variant image missing","use product main image fallback","false","true","upload/fix variant image or approve fallback","Fallback possible only with business approval; do not mutate the image record automatically."
"medium","Duplicate article codes","2","Adidas Black White Running Sneakers for Men","45","Grey","45","article_code=nk-j4-m-mir-2-gry-45","","false","true","review article codes manually","Do not auto-change article codes unless the code is a clearly generated placeholder and business approves."
"medium","Missing variant images","2","Adidas Black White Running Sneakers for Men","45","Grey","45","variant image missing","use product main image fallback","false","true","upload/fix variant image or approve fallback","Fallback possible only with business approval; do not mutate the image record automatically."
"medium","Duplicate article codes","2","Adidas Black White Running Sneakers for Men","46","White & Burgandy","41","article_code=nk-j4-m-mir-2-wht-41","","false","true","review article codes manually","Do not auto-change article codes unless the code is a clearly generated placeholder and business approves."
"medium","Missing variant images","2","Adidas Black White Running Sneakers for Men","46","White & Burgandy","41","variant image missing","use product main image fallback","false","true","upload/fix variant image or approve fallback","Fallback possible only with business approval; do not mutate the image record automatically."
"medium","Duplicate article codes","2","Adidas Black White Running Sneakers for Men","47","White & Burgandy","42","article_code=nk-j4-m-mir-2-wht-42","","false","true","review article codes manually","Do not auto-change article codes unless the code is a clearly generated placeholder and business approves."
"medium","Missing variant images","2","Adidas Black White Running Sneakers for Men","47","White & Burgandy","42","variant image missing","use product main image fallback","false","true","upload/fix variant image or approve fallback","Fallback possible only with business approval; do not mutate the image record automatically."
"medium","Duplicate article codes","2","Adidas Black White Running Sneakers for Men","48","White & Burgandy","43","article_code=nk-j4-m-mir-2-wht-43","","false","true","review article codes manually","Do not auto-change article codes unless the code is a clearly generated placeholder and business approves."
"medium","Missing variant images","2","Adidas Black White Running Sneakers for Men","48","White & Burgandy","43","variant image missing","use product main image fallback","false","true","upload/fix variant image or approve fallback","Fallback possible only with business approval; do not mutate the image record automatically."
"medium","Duplicate article codes","2","Adidas Black White Running Sneakers for Men","49","White & Burgandy","44","article_code=nk-j4-m-mir-2-wht-44","","false","true","review article codes manually","Do not auto-change article codes unless the code is a clearly generated placeholder and business approves."
"medium","Missing variant images","2","Adidas Black White Running Sneakers for Men","49","White & Burgandy","44","variant image missing","use product main image fallback","false","true","upload/fix variant image or approve fallback","Fallback possible only with business approval; do not mutate the image record automatically."
"medium","Duplicate article codes","2","Adidas Black White Running Sneakers for Men","50","White & Burgandy","45","article_code=nk-j4-m-mir-2-wht-45","","false","true","review article codes manually","Do not auto-change article codes unless the code is a clearly generated placeholder and business approves."
"medium","Missing variant images","2","Adidas Black White Running Sneakers for Men","50","White & Burgandy","45","variant image missing","use product main image fallback","false","true","upload/fix variant image or approve fallback","Fallback possible only with business approval; do not mutate the image record automatically."
"medium","Missing Arabic search keywords","4","Adidas Terrex X Goretex-2 Sneakers","","","","{""seo_keywords"":""Adidas Terrex sneakers, men's outdoor shoes, black white hiking sneakers, Adidas Goretex footwear""}","","false","true","add Arabic search keywords","Manual review required."
"medium","Search discoverability failures","4","Adidas Terrex X Goretex-2 Sneakers","","","","{""best_self_score"":60,""queries"":[""Adidas Terrex X Goretex-2 Sneakers"",""Nike Adidas Terrex X Goretex-2 Sneakers"",""nike-nike-air-jordan-4-copy"",""adidas-terrex-x-goretex-2"",""NK-M-MIR""]}","","false","true","improve aliases and keyword coverage","Manual review required."
"medium","Low AI recommendation confidence","4","Adidas Terrex X Goretex-2 Sneakers","","","","{""best_self_score"":60,""queries"":[""Adidas Terrex X Goretex-2 Sneakers"",""Nike Adidas Terrex X Goretex-2 Sneakers"",""nike-nike-air-jordan-4-copy"",""adidas-terrex-x-goretex-2"",""NK-M-MIR""]}","","false","true","improve aliases and keyword coverage","Manual review required."
"medium","Stock inconsistencies","4","Adidas Terrex X Goretex-2 Sneakers","","","","product_stock=0; variant_stock_sum=0; active_variant_stock_sum=0","derive from variant stock (0)","false","true","reconcile product stock with variant stock","Derive AI-facing availability from active variant stock where the product is variant-managed; do not write back automatically."
"medium","Variant stock gaps","4","Adidas Terrex X Goretex-2 Sneakers","76","Black & Gray","41","stock=0; is_active=true","","false","true","reconcile or retire the variant","Variant is active but out of stock. Reconcile stock or retire from sellable catalog."
"medium","Variant stock gaps","4","Adidas Terrex X Goretex-2 Sneakers","77","Black & Gray","42","stock=0; is_active=true","","false","true","reconcile or retire the variant","Variant is active but out of stock. Reconcile stock or retire from sellable catalog."
"medium","Variant stock gaps","4","Adidas Terrex X Goretex-2 Sneakers","79","Black & Gray","44","stock=0; is_active=true","","false","true","reconcile or retire the variant","Variant is active but out of stock. Reconcile stock or retire from sellable catalog."
"medium","Variant stock gaps","4","Adidas Terrex X Goretex-2 Sneakers","80","Black & Gray","45","stock=0; is_active=true","","false","true","reconcile or retire the variant","Variant is active but out of stock. Reconcile stock or retire from sellable catalog."
"medium","Missing Arabic search keywords","5","DC Men's Black Casual Sneakers","","","","{""seo_keywords"":""DC black sneakers, men's casual shoes, comfortable sneakers, black running shoes""}","","false","true","add Arabic search keywords","Manual review required."
"medium","Stock inconsistencies","5","DC Men's Black Casual Sneakers","","","","product_stock=0; variant_stock_sum=0; active_variant_stock_sum=0","derive from variant stock (0)","false","true","reconcile product stock with variant stock","Derive AI-facing availability from active variant stock where the product is variant-managed; do not write back automatically."
"medium","Zero selling price","5","DC Men's Black Casual Sneakers","","","","selling_price=0; sale_price=0; display_price=0","","false","true","enter selling price manually","Never invent prices. Use admin UI/export workflow for manual completion."
"medium","Missing Arabic search keywords","7","Nike Shox Black Sneakers","","","","{""seo_keywords"":""black sneakers, men's athletic shoes, Nike Shox""}","","false","true","add Arabic search keywords","Manual review required."
"medium","Search discoverability failures","7","Nike Shox Black Sneakers","","","","{""best_self_score"":20,""queries"":[""Nike Shox Black Sneakers"",""Nike Nike Shox Black Sneakers"",""nike-shox-black-sneakers"",""NK-M-MIR-2"",""Nike sneakers""]}","","false","true","improve aliases and keyword coverage","Manual review required."
"medium","Low AI recommendation confidence","7","Nike Shox Black Sneakers","","","","{""best_self_score"":20,""queries"":[""Nike Shox Black Sneakers"",""Nike Nike Shox Black Sneakers"",""nike-shox-black-sneakers"",""NK-M-MIR-2"",""Nike sneakers""]}","","false","true","improve aliases and keyword coverage","Manual review required."
"medium","Zero selling price","7","Nike Shox Black Sneakers","","","","selling_price=0; sale_price=0; display_price=0","","false","true","enter selling price manually","Never invent prices. Use admin UI/export workflow for manual completion."
"medium","Missing brand","8","Nike Dunk Low White Black Sneakers","","","","Brand is missing.","","false","true","fill brand manually","Manual review required."
"medium","Missing English search keywords","8","Nike Dunk Low White Black Sneakers","","","","{""seo_keywords"":""نايك دُنكي, حذاء أبيض أسود, حذاء رياضي للرجال, حذاء كاجوال, احذية نايك""}","","false","true","add English search keywords","Manual review required."
"medium","Search discoverability failures","8","Nike Dunk Low White Black Sneakers","","","","{""best_self_score"":50,""queries"":[""Nike Dunk Low White Black Sneakers"",""nike-dunk-low-white-black-sneakers"",""NDL-DNK-M-MIR"",""sneakers""]}","","false","true","improve aliases and keyword coverage","Manual review required."
"medium","Low AI recommendation confidence","8","Nike Dunk Low White Black Sneakers","","","","{""best_self_score"":50,""queries"":[""Nike Dunk Low White Black Sneakers"",""nike-dunk-low-white-black-sneakers"",""NDL-DNK-M-MIR"",""sneakers""]}","","false","true","improve aliases and keyword coverage","Manual review required."
"medium","Stock inconsistencies","8","Nike Dunk Low White Black Sneakers","","","","product_stock=0; variant_stock_sum=0; active_variant_stock_sum=0","derive from variant stock (0)","false","true","reconcile product stock with variant stock","Derive AI-facing availability from active variant stock where the product is variant-managed; do not write back automatically."
"medium","Zero selling price","8","Nike Dunk Low White Black Sneakers","","","","selling_price=0; sale_price=0; display_price=0","","false","true","enter selling price manually","Never invent prices. Use admin UI/export workflow for manual completion."
"medium","Variant stock gaps","8","Nike Dunk Low White Black Sneakers","113","Off White","41","stock=0; is_active=true","","false","true","reconcile or retire the variant","Variant is active but out of stock. Reconcile stock or retire from sellable catalog."
"medium","Variant stock gaps","8","Nike Dunk Low White Black Sneakers","114","Off White","42","stock=0; is_active=true","","false","true","reconcile or retire the variant","Variant is active but out of stock. Reconcile stock or retire from sellable catalog."
"medium","Variant stock gaps","8","Nike Dunk Low White Black Sneakers","115","Off White","43","stock=0; is_active=true","","false","true","reconcile or retire the variant","Variant is active but out of stock. Reconcile stock or retire from sellable catalog."
"medium","Variant stock gaps","8","Nike Dunk Low White Black Sneakers","117","Off White","45","stock=0; is_active=true","","false","true","reconcile or retire the variant","Variant is active but out of stock. Reconcile stock or retire from sellable catalog."
"medium","Missing Arabic search keywords","9","ASICS Sneakers","","","","{""seo_keywords"":""ASICS blue white sneakers,  athletic shoes, comfortable training footwear""}","","false","true","add Arabic search keywords","Manual review required."
"medium","Search discoverability failures","9","ASICS Sneakers","","","","{""best_self_score"":60,""queries"":[""ASICS Sneakers"",""Unbranded ASICS Sneakers"",""asics-blue-white-sneakers"",""ABW-W-LOC"",""Unbranded sneakers""]}","","false","true","improve aliases and keyword coverage","Manual review required."
"medium","Low AI recommendation confidence","9","ASICS Sneakers","","","","{""best_self_score"":60,""queries"":[""ASICS Sneakers"",""Unbranded ASICS Sneakers"",""asics-blue-white-sneakers"",""ABW-W-LOC"",""Unbranded sneakers""]}","","false","true","improve aliases and keyword coverage","Manual review required."
"medium","Stock inconsistencies","9","ASICS Sneakers","","","","product_stock=0; variant_stock_sum=0; active_variant_stock_sum=0","derive from variant stock (0)","false","true","reconcile product stock with variant stock","Derive AI-facing availability from active variant stock where the product is variant-managed; do not write back automatically."
"medium","Zero selling price","9","ASICS Sneakers","","","","selling_price=0; sale_price=0; display_price=0","","false","true","enter selling price manually","Never invent prices. Use admin UI/export workflow for manual completion."
"medium","Variant stock gaps","9","ASICS Sneakers","118","Sky Blue","37","stock=0; is_active=true","","false","true","reconcile or retire the variant","Variant is active but out of stock. Reconcile stock or retire from sellable catalog."
"medium","Variant stock gaps","9","ASICS Sneakers","119","Sky Blue","38","stock=0; is_active=true","","false","true","reconcile or retire the variant","Variant is active but out of stock. Reconcile stock or retire from sellable catalog."
"medium","Variant stock gaps","9","ASICS Sneakers","120","Sky Blue","39","stock=0; is_active=true","","false","true","reconcile or retire the variant","Variant is active but out of stock. Reconcile stock or retire from sellable catalog."
"medium","Variant stock gaps","9","ASICS Sneakers","121","Sky Blue","40","stock=0; is_active=true","","false","true","reconcile or retire the variant","Variant is active but out of stock. Reconcile stock or retire from sellable catalog."
"medium","Variant stock gaps","9","ASICS Sneakers","122","Sky Blue","41","stock=0; is_active=true","","false","true","reconcile or retire the variant","Variant is active but out of stock. Reconcile stock or retire from sellable catalog."
"medium","Variant stock gaps","9","ASICS Sneakers","123","Brown","37","stock=0; is_active=true","","false","true","reconcile or retire the variant","Variant is active but out of stock. Reconcile stock or retire from sellable catalog."
"medium","Variant stock gaps","9","ASICS Sneakers","126","Brown","40","stock=0; is_active=true","","false","true","reconcile or retire the variant","Variant is active but out of stock. Reconcile stock or retire from sellable catalog."
"medium","Variant stock gaps","9","ASICS Sneakers","127","Brown","41","stock=0; is_active=true","","false","true","reconcile or retire the variant","Variant is active but out of stock. Reconcile stock or retire from sellable catalog."
"medium","Missing Arabic search keywords","10","QA Test Product","","","","Arabic search keywords are missing.","","false","true","add Arabic search keywords","Manual review required."
"medium","Missing brand","10","QA Test Product","","","","Brand is missing.","","false","true","fill brand manually","Manual review required."
"medium","Missing category","10","QA Test Product","","","","Category is missing.","","false","true","fill category manually","Manual review required."
"medium","Missing English search keywords","10","QA Test Product","","","","English search keywords are missing.","","false","true","add English search keywords","Manual review required."
"medium","Search discoverability failures","10","QA Test Product","","","","{""best_self_score"":0,""queries"":[""QA Test Product"",""qa-test-product"",""QA-TEST-001""]}","","false","true","improve aliases and keyword coverage","Manual review required."
"medium","Missing main images","10","QA Test Product","","","","main image missing","","false","true","upload/fix main image or approve fallback","No main image fallback is available in the catalog row."
"medium","Missing alias keywords","10","QA Test Product","","","","No AI-friendly alias keywords are configured.","","false","true","add AI-friendly alias keywords","Manual review required."
"medium","Low AI recommendation confidence","10","QA Test Product","","","","{""best_self_score"":0,""queries"":[""QA Test Product"",""qa-test-product"",""QA-TEST-001""]}","","false","true","improve aliases and keyword coverage","Manual review required."
"medium","Missing product type","10","QA Test Product","","","","Product type is missing.","","false","true","fill product type manually","Manual review required."
"medium","Missing Arabic search keywords","25","Adidas Terrex X Goretex-2","","","","{""seo_keywords"":""Adidas Terrex shoes, white black sneakers, men's outdoor shoes, waterproof sneakers""}","","false","true","add Arabic search keywords","Manual review required."
"medium","Search discoverability failures","25","Adidas Terrex X Goretex-2","","","","{""best_self_score"":20,""queries"":[""Adidas Terrex X Goretex-2"",""Adidas Adidas Terrex X Goretex-2"",""adidas-terrex-x-goretex-2-white-black"",""ADS-M-MIR"",""Adidas sneakers""]}","","false","true","improve aliases and keyword coverage","Manual review required."
"medium","Low AI recommendation confidence","25","Adidas Terrex X Goretex-2","","","","{""best_self_score"":20,""queries"":[""Adidas Terrex X Goretex-2"",""Adidas Adidas Terrex X Goretex-2"",""adidas-terrex-x-goretex-2-white-black"",""ADS-M-MIR"",""Adidas sneakers""]}","","false","true","improve aliases and keyword coverage","Manual review required."
"medium","Zero selling price","25","Adidas Terrex X Goretex-2","","","","selling_price=0; sale_price=0; display_price=0","","false","true","enter selling price manually","Never invent prices. Use admin UI/export workflow for manual completion."
"medium","Duplicate article codes","25","Adidas Terrex X Goretex-2","138","Grey","41","article_code=2530","","false","true","review article codes manually","Do not auto-change article codes unless the code is a clearly generated placeholder and business approves."
"medium","Missing brand","26","شراب","","","","Brand is missing.","","false","true","fill brand manually","Manual review required."
"medium","Search discoverability failures","26","شراب","","","","{""best_self_score"":0,""queries"":[""شراب"",""PRD""]}","","false","true","improve aliases and keyword coverage","Manual review required."
"medium","Missing main images","26","شراب","","","","main image missing","","false","true","upload/fix main image or approve fallback","No main image fallback is available in the catalog row."
"medium","Low AI recommendation confidence","26","شراب","","","","{""best_self_score"":0,""queries"":[""شراب"",""PRD""]}","","false","true","improve aliases and keyword coverage","Manual review required."
"medium","Missing product type","26","شراب","","","","Product type is missing.","","false","true","fill product type manually","Manual review required."
"medium","Missing Arabic search keywords","27","Nike White and Black Casual Sneakers","","","","{""seo_keywords"":""white black sneakers, men's casual shoes, Nike sneakers""}","","false","true","add Arabic search keywords","Manual review required."
"medium","Stock inconsistencies","27","Nike White and Black Casual Sneakers","","","","product_stock=0; variant_stock_sum=2; active_variant_stock_sum=2","derive from variant stock (2)","false","true","reconcile product stock with variant stock","Derive AI-facing availability from active variant stock where the product is variant-managed; do not write back automatically."
"medium","Zero selling price","27","Nike White and Black Casual Sneakers","","","","selling_price=0; sale_price=0; display_price=0","","false","true","enter selling price manually","Never invent prices. Use admin UI/export workflow for manual completion."
"medium","Duplicate article codes","27","Nike White and Black Casual Sneakers","143","Gold","32","article_code=W1","","false","true","review article codes manually","Do not auto-change article codes unless the code is a clearly generated placeholder and business approves."
"medium","Missing Arabic search keywords","28","Nike White and Black Casual Sneakers Copy","","","","Arabic search keywords are missing.","","false","true","add Arabic search keywords","Manual review required."
"medium","Missing English search keywords","28","Nike White and Black Casual Sneakers Copy","","","","English search keywords are missing.","","false","true","add English search keywords","Manual review required."
"medium","Search discoverability failures","28","Nike White and Black Casual Sneakers Copy","","","","{""best_self_score"":10,""queries"":[""Nike White and Black Casual Sneakers Copy"",""Unbranded Nike White and Black Casual Sneakers Copy"",""nike-white-and-black-casual-sneakers-copy"",""UNB-M-LOC"",""Unbranded sneakers""]}","","false","true","improve aliases and keyword coverage","Manual review required."
"medium","Missing main images","28","Nike White and Black Casual Sneakers Copy","","","","main image missing","","false","true","upload/fix main image or approve fallback","No main image fallback is available in the catalog row."
"medium","Missing alias keywords","28","Nike White and Black Casual Sneakers Copy","","","","No AI-friendly alias keywords are configured.","","false","true","add AI-friendly alias keywords","Manual review required."
"medium","Low AI recommendation confidence","28","Nike White and Black Casual Sneakers Copy","","","","{""best_self_score"":10,""queries"":[""Nike White and Black Casual Sneakers Copy"",""Unbranded Nike White and Black Casual Sneakers Copy"",""nike-white-and-black-casual-sneakers-copy"",""UNB-M-LOC"",""Unbranded sneakers""]}","","false","true","improve aliases and keyword coverage","Manual review required."
"medium","Zero selling price","28","Nike White and Black Casual Sneakers Copy","","","","selling_price=0; sale_price=0; display_price=0","","false","true","enter selling price manually","Never invent prices. Use admin UI/export workflow for manual completion."
"medium","Missing Arabic search keywords","29","Nike White and Black Casual Sneakers Copy Copy","","","","Arabic search keywords are missing.","","false","true","add Arabic search keywords","Manual review required."
"medium","Missing English search keywords","29","Nike White and Black Casual Sneakers Copy Copy","","","","English search keywords are missing.","","false","true","add English search keywords","Manual review required."
"medium","Search discoverability failures","29","Nike White and Black Casual Sneakers Copy Copy","","","","{""best_self_score"":10,""queries"":[""Nike White and Black Casual Sneakers Copy Copy"",""Unbranded Nike White and Black Casual Sneakers Copy Copy"",""nike-white-and-black-casual-sneakers-copy-copy"",""UNB-M-LOC-2"",""Unbranded sneakers""]}","","false","true","improve aliases and keyword coverage","Manual review required."
"medium","Missing main images","29","Nike White and Black Casual Sneakers Copy Copy","","","","main image missing","","false","true","upload/fix main image or approve fallback","No main image fallback is available in the catalog row."
"medium","Missing alias keywords","29","Nike White and Black Casual Sneakers Copy Copy","","","","No AI-friendly alias keywords are configured.","","false","true","add AI-friendly alias keywords","Manual review required."
"medium","Low AI recommendation confidence","29","Nike White and Black Casual Sneakers Copy Copy","","","","{""best_self_score"":10,""queries"":[""Nike White and Black Casual Sneakers Copy Copy"",""Unbranded Nike White and Black Casual Sneakers Copy Copy"",""nike-white-and-black-casual-sneakers-copy-copy"",""UNB-M-LOC-2"",""Unbranded sneakers""]}","","false","true","improve aliases and keyword coverage","Manual review required."
"medium","Missing Arabic search keywords","31","QA Treasury Incoming 1779568419544","","","","Arabic search keywords are missing.","","false","true","add Arabic search keywords","Manual review required."
"medium","Missing brand","31","QA Treasury Incoming 1779568419544","","","","Brand is missing.","","false","true","fill brand manually","Manual review required."
"medium","Missing category","31","QA Treasury Incoming 1779568419544","","","","Category is missing.","","false","true","fill category manually","Manual review required."
"medium","Missing English search keywords","31","QA Treasury Incoming 1779568419544","","","","English search keywords are missing.","","false","true","add English search keywords","Manual review required."
"medium","Search discoverability failures","31","QA Treasury Incoming 1779568419544","","","","{""best_self_score"":0,""queries"":[""QA Treasury Incoming 1779568419544"",""qa-treasury-incoming-1779568419544"",""QA-TREAS-1779568419544""]}","","false","true","improve aliases and keyword coverage","Manual review required."
"medium","Missing main images","31","QA Treasury Incoming 1779568419544","","","","main image missing","","false","true","upload/fix main image or approve fallback","No main image fallback is available in the catalog row."
"medium","Missing alias keywords","31","QA Treasury Incoming 1779568419544","","","","No AI-friendly alias keywords are configured.","","false","true","add AI-friendly alias keywords","Manual review required."
"medium","Low AI recommendation confidence","31","QA Treasury Incoming 1779568419544","","","","{""best_self_score"":0,""queries"":[""QA Treasury Incoming 1779568419544"",""qa-treasury-incoming-1779568419544"",""QA-TREAS-1779568419544""]}","","false","true","improve aliases and keyword coverage","Manual review required."
"medium","Missing product type","31","QA Treasury Incoming 1779568419544","","","","Product type is missing.","","false","true","fill product type manually","Manual review required."
"medium","Missing Arabic search keywords","32","QA Order Items Live 1780084726569","","","","Arabic search keywords are missing.","","false","true","add Arabic search keywords","Manual review required."
"medium","Missing brand","32","QA Order Items Live 1780084726569","","","","Brand is missing.","","false","true","fill brand manually","Manual review required."
"medium","Missing category","32","QA Order Items Live 1780084726569","","","","Category is missing.","","false","true","fill category manually","Manual review required."
"medium","Missing English search keywords","32","QA Order Items Live 1780084726569","","","","English search keywords are missing.","","false","true","add English search keywords","Manual review required."
"medium","Search discoverability failures","32","QA Order Items Live 1780084726569","","","","{""best_self_score"":0,""queries"":[""QA Order Items Live 1780084726569"",""qa-order-items-live-1780084726569"",""QA-OI-1780084726569""]}","","false","true","improve aliases and keyword coverage","Manual review required."
"medium","Missing main images","32","QA Order Items Live 1780084726569","","","","main image missing","","false","true","upload/fix main image or approve fallback","No main image fallback is available in the catalog row."
"medium","Missing alias keywords","32","QA Order Items Live 1780084726569","","","","No AI-friendly alias keywords are configured.","","false","true","add AI-friendly alias keywords","Manual review required."
"medium","Low AI recommendation confidence","32","QA Order Items Live 1780084726569","","","","{""best_self_score"":0,""queries"":[""QA Order Items Live 1780084726569"",""qa-order-items-live-1780084726569"",""QA-OI-1780084726569""]}","","false","true","improve aliases and keyword coverage","Manual review required."
"medium","Missing product type","32","QA Order Items Live 1780084726569","","","","Product type is missing.","","false","true","fill product type manually","Manual review required."
"medium","Missing Arabic search keywords","33","QA Order Items Live 1780084816245","","","","Arabic search keywords are missing.","","false","true","add Arabic search keywords","Manual review required."
"medium","Missing brand","33","QA Order Items Live 1780084816245","","","","Brand is missing.","","false","true","fill brand manually","Manual review required."
"medium","Missing category","33","QA Order Items Live 1780084816245","","","","Category is missing.","","false","true","fill category manually","Manual review required."
"medium","Missing English search keywords","33","QA Order Items Live 1780084816245","","","","English search keywords are missing.","","false","true","add English search keywords","Manual review required."
"medium","Search discoverability failures","33","QA Order Items Live 1780084816245","","","","{""best_self_score"":0,""queries"":[""QA Order Items Live 1780084816245"",""qa-order-items-live-1780084816245"",""QA-OI-1780084816245""]}","","false","true","improve aliases and keyword coverage","Manual review required."
"medium","Missing main images","33","QA Order Items Live 1780084816245","","","","main image missing","","false","true","upload/fix main image or approve fallback","No main image fallback is available in the catalog row."
"medium","Missing alias keywords","33","QA Order Items Live 1780084816245","","","","No AI-friendly alias keywords are configured.","","false","true","add AI-friendly alias keywords","Manual review required."
"medium","Low AI recommendation confidence","33","QA Order Items Live 1780084816245","","","","{""best_self_score"":0,""queries"":[""QA Order Items Live 1780084816245"",""qa-order-items-live-1780084816245"",""QA-OI-1780084816245""]}","","false","true","improve aliases and keyword coverage","Manual review required."
"medium","Missing product type","33","QA Order Items Live 1780084816245","","","","Product type is missing.","","false","true","fill product type manually","Manual review required."
"medium","Missing Arabic search keywords","34","QA AI Order Items Live 1780084816245","","","","Arabic search keywords are missing.","","false","true","add Arabic search keywords","Manual review required."
"medium","Missing brand","34","QA AI Order Items Live 1780084816245","","","","Brand is missing.","","false","true","fill brand manually","Manual review required."
"medium","Missing category","34","QA AI Order Items Live 1780084816245","","","","Category is missing.","","false","true","fill category manually","Manual review required."
"medium","Missing English search keywords","34","QA AI Order Items Live 1780084816245","","","","English search keywords are missing.","","false","true","add English search keywords","Manual review required."
"medium","Search discoverability failures","34","QA AI Order Items Live 1780084816245","","","","{""best_self_score"":0,""queries"":[""QA AI Order Items Live 1780084816245"",""qa-ai-order-items-live-1780084816245"",""QA-AI-OI-1780084816245""]}","","false","true","improve aliases and keyword coverage","Manual review required."
"medium","Missing main images","34","QA AI Order Items Live 1780084816245","","","","main image missing","","false","true","upload/fix main image or approve fallback","No main image fallback is available in the catalog row."
"medium","Missing alias keywords","34","QA AI Order Items Live 1780084816245","","","","No AI-friendly alias keywords are configured.","","false","true","add AI-friendly alias keywords","Manual review required."
"medium","Low AI recommendation confidence","34","QA AI Order Items Live 1780084816245","","","","{""best_self_score"":0,""queries"":[""QA AI Order Items Live 1780084816245"",""qa-ai-order-items-live-1780084816245"",""QA-AI-OI-1780084816245""]}","","false","true","improve aliases and keyword coverage","Manual review required."
"medium","Missing product type","34","QA AI Order Items Live 1780084816245","","","","Product type is missing.","","false","true","fill product type manually","Manual review required."
"medium","Missing Arabic search keywords","35","Edit Due Test 1780090465911-99171","","","","Arabic search keywords are missing.","","false","true","add Arabic search keywords","Manual review required."
"medium","Missing brand","35","Edit Due Test 1780090465911-99171","","","","Brand is missing.","","false","true","fill brand manually","Manual review required."
"medium","Missing category","35","Edit Due Test 1780090465911-99171","","","","Category is missing.","","false","true","fill category manually","Manual review required."
"medium","Missing English search keywords","35","Edit Due Test 1780090465911-99171","","","","English search keywords are missing.","","false","true","add English search keywords","Manual review required."
"medium","Search discoverability failures","35","Edit Due Test 1780090465911-99171","","","","{""best_self_score"":0,""queries"":[""Edit Due Test 1780090465911-99171"",""edit-due-test-1780090465911-99171"",""EDIT-1780090465911-99171""]}","","false","true","improve aliases and keyword coverage","Manual review required."
"medium","Missing main images","35","Edit Due Test 1780090465911-99171","","","","main image missing","","false","true","upload/fix main image or approve fallback","No main image fallback is available in the catalog row."
"medium","Missing alias keywords","35","Edit Due Test 1780090465911-99171","","","","No AI-friendly alias keywords are configured.","","false","true","add AI-friendly alias keywords","Manual review required."
"medium","Low AI recommendation confidence","35","Edit Due Test 1780090465911-99171","","","","{""best_self_score"":0,""queries"":[""Edit Due Test 1780090465911-99171"",""edit-due-test-1780090465911-99171"",""EDIT-1780090465911-99171""]}","","false","true","improve aliases and keyword coverage","Manual review required."
"medium","Missing product type","35","Edit Due Test 1780090465911-99171","","","","Product type is missing.","","false","true","fill product type manually","Manual review required."
"medium","Missing Arabic search keywords","37","Edit Due Test 1780090682992-14020","","","","Arabic search keywords are missing.","","false","true","add Arabic search keywords","Manual review required."
"medium","Missing brand","37","Edit Due Test 1780090682992-14020","","","","Brand is missing.","","false","true","fill brand manually","Manual review required."
"medium","Missing category","37","Edit Due Test 1780090682992-14020","","","","Category is missing.","","false","true","fill category manually","Manual review required."
"medium","Missing English search keywords","37","Edit Due Test 1780090682992-14020","","","","English search keywords are missing.","","false","true","add English search keywords","Manual review required."
"medium","Search discoverability failures","37","Edit Due Test 1780090682992-14020","","","","{""best_self_score"":0,""queries"":[""Edit Due Test 1780090682992-14020"",""edit-due-test-1780090682992-14020"",""EDIT-1780090682992-14020""]}","","false","true","improve aliases and keyword coverage","Manual review required."
"medium","Missing main images","37","Edit Due Test 1780090682992-14020","","","","main image missing","","false","true","upload/fix main image or approve fallback","No main image fallback is available in the catalog row."
"medium","Missing alias keywords","37","Edit Due Test 1780090682992-14020","","","","No AI-friendly alias keywords are configured.","","false","true","add AI-friendly alias keywords","Manual review required."
"medium","Low AI recommendation confidence","37","Edit Due Test 1780090682992-14020","","","","{""best_self_score"":0,""queries"":[""Edit Due Test 1780090682992-14020"",""edit-due-test-1780090682992-14020"",""EDIT-1780090682992-14020""]}","","false","true","improve aliases and keyword coverage","Manual review required."
"medium","Missing product type","37","Edit Due Test 1780090682992-14020","","","","Product type is missing.","","false","true","fill product type manually","Manual review required."
"medium","Missing Arabic search keywords","38","Edit Due Test 1780090683254-91403","","","","Arabic search keywords are missing.","","false","true","add Arabic search keywords","Manual review required."
"medium","Missing brand","38","Edit Due Test 1780090683254-91403","","","","Brand is missing.","","false","true","fill brand manually","Manual review required."
"medium","Missing category","38","Edit Due Test 1780090683254-91403","","","","Category is missing.","","false","true","fill category manually","Manual review required."
"medium","Missing English search keywords","38","Edit Due Test 1780090683254-91403","","","","English search keywords are missing.","","false","true","add English search keywords","Manual review required."
"medium","Search discoverability failures","38","Edit Due Test 1780090683254-91403","","","","{""best_self_score"":0,""queries"":[""Edit Due Test 1780090683254-91403"",""edit-due-test-1780090683254-91403"",""EDIT-1780090683254-91403""]}","","false","true","improve aliases and keyword coverage","Manual review required."
"medium","Missing main images","38","Edit Due Test 1780090683254-91403","","","","main image missing","","false","true","upload/fix main image or approve fallback","No main image fallback is available in the catalog row."
"medium","Missing alias keywords","38","Edit Due Test 1780090683254-91403","","","","No AI-friendly alias keywords are configured.","","false","true","add AI-friendly alias keywords","Manual review required."
"medium","Low AI recommendation confidence","38","Edit Due Test 1780090683254-91403","","","","{""best_self_score"":0,""queries"":[""Edit Due Test 1780090683254-91403"",""edit-due-test-1780090683254-91403"",""EDIT-1780090683254-91403""]}","","false","true","improve aliases and keyword coverage","Manual review required."
"medium","Missing product type","38","Edit Due Test 1780090683254-91403","","","","Product type is missing.","","false","true","fill product type manually","Manual review required."
"medium","Missing Arabic search keywords","39","Edit Due Test 1780090683323-8217","","","","Arabic search keywords are missing.","","false","true","add Arabic search keywords","Manual review required."
"medium","Missing brand","39","Edit Due Test 1780090683323-8217","","","","Brand is missing.","","false","true","fill brand manually","Manual review required."
"medium","Missing category","39","Edit Due Test 1780090683323-8217","","","","Category is missing.","","false","true","fill category manually","Manual review required."
"medium","Missing English search keywords","39","Edit Due Test 1780090683323-8217","","","","English search keywords are missing.","","false","true","add English search keywords","Manual review required."
"medium","Search discoverability failures","39","Edit Due Test 1780090683323-8217","","","","{""best_self_score"":0,""queries"":[""Edit Due Test 1780090683323-8217"",""edit-due-test-1780090683323-8217"",""EDIT-1780090683323-8217""]}","","false","true","improve aliases and keyword coverage","Manual review required."
"medium","Missing main images","39","Edit Due Test 1780090683323-8217","","","","main image missing","","false","true","upload/fix main image or approve fallback","No main image fallback is available in the catalog row."
"medium","Missing alias keywords","39","Edit Due Test 1780090683323-8217","","","","No AI-friendly alias keywords are configured.","","false","true","add AI-friendly alias keywords","Manual review required."
"medium","Low AI recommendation confidence","39","Edit Due Test 1780090683323-8217","","","","{""best_self_score"":0,""queries"":[""Edit Due Test 1780090683323-8217"",""edit-due-test-1780090683323-8217"",""EDIT-1780090683323-8217""]}","","false","true","improve aliases and keyword coverage","Manual review required."
"medium","Missing product type","39","Edit Due Test 1780090683323-8217","","","","Product type is missing.","","false","true","fill product type manually","Manual review required."
"medium","Missing Arabic search keywords","40","Purchase Save Perf 1780107202476-8676-1","","","","Arabic search keywords are missing.","","false","true","add Arabic search keywords","Manual review required."
"medium","Missing brand","40","Purchase Save Perf 1780107202476-8676-1","","","","Brand is missing.","","false","true","fill brand manually","Manual review required."
"medium","Missing category","40","Purchase Save Perf 1780107202476-8676-1","","","","Category is missing.","","false","true","fill category manually","Manual review required."
"medium","Missing English search keywords","40","Purchase Save Perf 1780107202476-8676-1","","","","English search keywords are missing.","","false","true","add English search keywords","Manual review required."
"medium","Search discoverability failures","40","Purchase Save Perf 1780107202476-8676-1","","","","{""best_self_score"":0,""queries"":[""Purchase Save Perf 1780107202476-8676-1"",""purchase-save-perf-1780107202476-8676-1"",""PSP-1780107202476-8676-1""]}","","false","true","improve aliases and keyword coverage","Manual review required."
"medium","Missing main images","40","Purchase Save Perf 1780107202476-8676-1","","","","main image missing","","false","true","upload/fix main image or approve fallback","No main image fallback is available in the catalog row."
"medium","Missing alias keywords","40","Purchase Save Perf 1780107202476-8676-1","","","","No AI-friendly alias keywords are configured.","","false","true","add AI-friendly alias keywords","Manual review required."
"medium","Low AI recommendation confidence","40","Purchase Save Perf 1780107202476-8676-1","","","","{""best_self_score"":0,""queries"":[""Purchase Save Perf 1780107202476-8676-1"",""purchase-save-perf-1780107202476-8676-1"",""PSP-1780107202476-8676-1""]}","","false","true","improve aliases and keyword coverage","Manual review required."
"medium","Missing product type","40","Purchase Save Perf 1780107202476-8676-1","","","","Product type is missing.","","false","true","fill product type manually","Manual review required."
"medium","Missing Arabic search keywords","41","Purchase Save Perf 1780107202476-8676-2","","","","Arabic search keywords are missing.","","false","true","add Arabic search keywords","Manual review required."
"medium","Missing brand","41","Purchase Save Perf 1780107202476-8676-2","","","","Brand is missing.","","false","true","fill brand manually","Manual review required."
"medium","Missing category","41","Purchase Save Perf 1780107202476-8676-2","","","","Category is missing.","","false","true","fill category manually","Manual review required."
"medium","Missing English search keywords","41","Purchase Save Perf 1780107202476-8676-2","","","","English search keywords are missing.","","false","true","add English search keywords","Manual review required."
"medium","Search discoverability failures","41","Purchase Save Perf 1780107202476-8676-2","","","","{""best_self_score"":0,""queries"":[""Purchase Save Perf 1780107202476-8676-2"",""purchase-save-perf-1780107202476-8676-2"",""PSP-1780107202476-8676-2""]}","","false","true","improve aliases and keyword coverage","Manual review required."
"medium","Missing main images","41","Purchase Save Perf 1780107202476-8676-2","","","","main image missing","","false","true","upload/fix main image or approve fallback","No main image fallback is available in the catalog row."
"medium","Missing alias keywords","41","Purchase Save Perf 1780107202476-8676-2","","","","No AI-friendly alias keywords are configured.","","false","true","add AI-friendly alias keywords","Manual review required."
"medium","Low AI recommendation confidence","41","Purchase Save Perf 1780107202476-8676-2","","","","{""best_self_score"":0,""queries"":[""Purchase Save Perf 1780107202476-8676-2"",""purchase-save-perf-1780107202476-8676-2"",""PSP-1780107202476-8676-2""]}","","false","true","improve aliases and keyword coverage","Manual review required."
"medium","Missing product type","41","Purchase Save Perf 1780107202476-8676-2","","","","Product type is missing.","","false","true","fill product type manually","Manual review required."
"medium","Missing Arabic search keywords","42","Purchase Save Perf 1780107202476-8676-3","","","","Arabic search keywords are missing.","","false","true","add Arabic search keywords","Manual review required."
"medium","Missing brand","42","Purchase Save Perf 1780107202476-8676-3","","","","Brand is missing.","","false","true","fill brand manually","Manual review required."
"medium","Missing category","42","Purchase Save Perf 1780107202476-8676-3","","","","Category is missing.","","false","true","fill category manually","Manual review required."
"medium","Missing English search keywords","42","Purchase Save Perf 1780107202476-8676-3","","","","English search keywords are missing.","","false","true","add English search keywords","Manual review required."
"medium","Search discoverability failures","42","Purchase Save Perf 1780107202476-8676-3","","","","{""best_self_score"":0,""queries"":[""Purchase Save Perf 1780107202476-8676-3"",""purchase-save-perf-1780107202476-8676-3"",""PSP-1780107202476-8676-3""]}","","false","true","improve aliases and keyword coverage","Manual review required."
"medium","Missing main images","42","Purchase Save Perf 1780107202476-8676-3","","","","main image missing","","false","true","upload/fix main image or approve fallback","No main image fallback is available in the catalog row."
"medium","Missing alias keywords","42","Purchase Save Perf 1780107202476-8676-3","","","","No AI-friendly alias keywords are configured.","","false","true","add AI-friendly alias keywords","Manual review required."
"medium","Low AI recommendation confidence","42","Purchase Save Perf 1780107202476-8676-3","","","","{""best_self_score"":0,""queries"":[""Purchase Save Perf 1780107202476-8676-3"",""purchase-save-perf-1780107202476-8676-3"",""PSP-1780107202476-8676-3""]}","","false","true","improve aliases and keyword coverage","Manual review required."
"medium","Missing product type","42","Purchase Save Perf 1780107202476-8676-3","","","","Product type is missing.","","false","true","fill product type manually","Manual review required."
"medium","Missing Arabic search keywords","43","Purchase Save Perf 1780107202476-8676-4","","","","Arabic search keywords are missing.","","false","true","add Arabic search keywords","Manual review required."
"medium","Missing brand","43","Purchase Save Perf 1780107202476-8676-4","","","","Brand is missing.","","false","true","fill brand manually","Manual review required."
"medium","Missing category","43","Purchase Save Perf 1780107202476-8676-4","","","","Category is missing.","","false","true","fill category manually","Manual review required."
"medium","Missing English search keywords","43","Purchase Save Perf 1780107202476-8676-4","","","","English search keywords are missing.","","false","true","add English search keywords","Manual review required."
"medium","Search discoverability failures","43","Purchase Save Perf 1780107202476-8676-4","","","","{""best_self_score"":0,""queries"":[""Purchase Save Perf 1780107202476-8676-4"",""purchase-save-perf-1780107202476-8676-4"",""PSP-1780107202476-8676-4""]}","","false","true","improve aliases and keyword coverage","Manual review required."
"medium","Missing main images","43","Purchase Save Perf 1780107202476-8676-4","","","","main image missing","","false","true","upload/fix main image or approve fallback","No main image fallback is available in the catalog row."
"medium","Missing alias keywords","43","Purchase Save Perf 1780107202476-8676-4","","","","No AI-friendly alias keywords are configured.","","false","true","add AI-friendly alias keywords","Manual review required."
"medium","Low AI recommendation confidence","43","Purchase Save Perf 1780107202476-8676-4","","","","{""best_self_score"":0,""queries"":[""Purchase Save Perf 1780107202476-8676-4"",""purchase-save-perf-1780107202476-8676-4"",""PSP-1780107202476-8676-4""]}","","false","true","improve aliases and keyword coverage","Manual review required."
"medium","Missing product type","43","Purchase Save Perf 1780107202476-8676-4","","","","Product type is missing.","","false","true","fill product type manually","Manual review required."
"medium","Missing Arabic search keywords","44","Purchase Save Perf 1780107202476-8676-5","","","","Arabic search keywords are missing.","","false","true","add Arabic search keywords","Manual review required."
"medium","Missing brand","44","Purchase Save Perf 1780107202476-8676-5","","","","Brand is missing.","","false","true","fill brand manually","Manual review required."
"medium","Missing category","44","Purchase Save Perf 1780107202476-8676-5","","","","Category is missing.","","false","true","fill category manually","Manual review required."
"medium","Missing English search keywords","44","Purchase Save Perf 1780107202476-8676-5","","","","English search keywords are missing.","","false","true","add English search keywords","Manual review required."
"medium","Search discoverability failures","44","Purchase Save Perf 1780107202476-8676-5","","","","{""best_self_score"":0,""queries"":[""Purchase Save Perf 1780107202476-8676-5"",""purchase-save-perf-1780107202476-8676-5"",""PSP-1780107202476-8676-5""]}","","false","true","improve aliases and keyword coverage","Manual review required."
"medium","Missing main images","44","Purchase Save Perf 1780107202476-8676-5","","","","main image missing","","false","true","upload/fix main image or approve fallback","No main image fallback is available in the catalog row."
"medium","Missing alias keywords","44","Purchase Save Perf 1780107202476-8676-5","","","","No AI-friendly alias keywords are configured.","","false","true","add AI-friendly alias keywords","Manual review required."
"medium","Low AI recommendation confidence","44","Purchase Save Perf 1780107202476-8676-5","","","","{""best_self_score"":0,""queries"":[""Purchase Save Perf 1780107202476-8676-5"",""purchase-save-perf-1780107202476-8676-5"",""PSP-1780107202476-8676-5""]}","","false","true","improve aliases and keyword coverage","Manual review required."
"medium","Missing product type","44","Purchase Save Perf 1780107202476-8676-5","","","","Product type is missing.","","false","true","fill product type manually","Manual review required."
"medium","Missing Arabic search keywords","45","Purchase Save Perf 1780107245420-69402-1","","","","Arabic search keywords are missing.","","false","true","add Arabic search keywords","Manual review required."
"medium","Missing brand","45","Purchase Save Perf 1780107245420-69402-1","","","","Brand is missing.","","false","true","fill brand manually","Manual review required."
"medium","Missing category","45","Purchase Save Perf 1780107245420-69402-1","","","","Category is missing.","","false","true","fill category manually","Manual review required."
"medium","Missing English search keywords","45","Purchase Save Perf 1780107245420-69402-1","","","","English search keywords are missing.","","false","true","add English search keywords","Manual review required."
"medium","Search discoverability failures","45","Purchase Save Perf 1780107245420-69402-1","","","","{""best_self_score"":0,""queries"":[""Purchase Save Perf 1780107245420-69402-1"",""purchase-save-perf-1780107245420-69402-1"",""PSP-1780107245420-69402-1""]}","","false","true","improve aliases and keyword coverage","Manual review required."
"medium","Missing main images","45","Purchase Save Perf 1780107245420-69402-1","","","","main image missing","","false","true","upload/fix main image or approve fallback","No main image fallback is available in the catalog row."
"medium","Missing alias keywords","45","Purchase Save Perf 1780107245420-69402-1","","","","No AI-friendly alias keywords are configured.","","false","true","add AI-friendly alias keywords","Manual review required."
"medium","Low AI recommendation confidence","45","Purchase Save Perf 1780107245420-69402-1","","","","{""best_self_score"":0,""queries"":[""Purchase Save Perf 1780107245420-69402-1"",""purchase-save-perf-1780107245420-69402-1"",""PSP-1780107245420-69402-1""]}","","false","true","improve aliases and keyword coverage","Manual review required."
"medium","Missing product type","45","Purchase Save Perf 1780107245420-69402-1","","","","Product type is missing.","","false","true","fill product type manually","Manual review required."
"medium","Missing Arabic search keywords","46","Purchase Save Perf 1780107245420-69402-2","","","","Arabic search keywords are missing.","","false","true","add Arabic search keywords","Manual review required."
"medium","Missing brand","46","Purchase Save Perf 1780107245420-69402-2","","","","Brand is missing.","","false","true","fill brand manually","Manual review required."
"medium","Missing category","46","Purchase Save Perf 1780107245420-69402-2","","","","Category is missing.","","false","true","fill category manually","Manual review required."
"medium","Missing English search keywords","46","Purchase Save Perf 1780107245420-69402-2","","","","English search keywords are missing.","","false","true","add English search keywords","Manual review required."
"medium","Search discoverability failures","46","Purchase Save Perf 1780107245420-69402-2","","","","{""best_self_score"":0,""queries"":[""Purchase Save Perf 1780107245420-69402-2"",""purchase-save-perf-1780107245420-69402-2"",""PSP-1780107245420-69402-2""]}","","false","true","improve aliases and keyword coverage","Manual review required."
"medium","Missing main images","46","Purchase Save Perf 1780107245420-69402-2","","","","main image missing","","false","true","upload/fix main image or approve fallback","No main image fallback is available in the catalog row."
"medium","Missing alias keywords","46","Purchase Save Perf 1780107245420-69402-2","","","","No AI-friendly alias keywords are configured.","","false","true","add AI-friendly alias keywords","Manual review required."
"medium","Low AI recommendation confidence","46","Purchase Save Perf 1780107245420-69402-2","","","","{""best_self_score"":0,""queries"":[""Purchase Save Perf 1780107245420-69402-2"",""purchase-save-perf-1780107245420-69402-2"",""PSP-1780107245420-69402-2""]}","","false","true","improve aliases and keyword coverage","Manual review required."
"medium","Missing product type","46","Purchase Save Perf 1780107245420-69402-2","","","","Product type is missing.","","false","true","fill product type manually","Manual review required."
"medium","Missing Arabic search keywords","47","Purchase Save Perf 1780107245420-69402-3","","","","Arabic search keywords are missing.","","false","true","add Arabic search keywords","Manual review required."
"medium","Missing brand","47","Purchase Save Perf 1780107245420-69402-3","","","","Brand is missing.","","false","true","fill brand manually","Manual review required."
"medium","Missing category","47","Purchase Save Perf 1780107245420-69402-3","","","","Category is missing.","","false","true","fill category manually","Manual review required."
"medium","Missing English search keywords","47","Purchase Save Perf 1780107245420-69402-3","","","","English search keywords are missing.","","false","true","add English search keywords","Manual review required."
"medium","Search discoverability failures","47","Purchase Save Perf 1780107245420-69402-3","","","","{""best_self_score"":0,""queries"":[""Purchase Save Perf 1780107245420-69402-3"",""purchase-save-perf-1780107245420-69402-3"",""PSP-1780107245420-69402-3""]}","","false","true","improve aliases and keyword coverage","Manual review required."
"medium","Missing main images","47","Purchase Save Perf 1780107245420-69402-3","","","","main image missing","","false","true","upload/fix main image or approve fallback","No main image fallback is available in the catalog row."
"medium","Missing alias keywords","47","Purchase Save Perf 1780107245420-69402-3","","","","No AI-friendly alias keywords are configured.","","false","true","add AI-friendly alias keywords","Manual review required."
"medium","Low AI recommendation confidence","47","Purchase Save Perf 1780107245420-69402-3","","","","{""best_self_score"":0,""queries"":[""Purchase Save Perf 1780107245420-69402-3"",""purchase-save-perf-1780107245420-69402-3"",""PSP-1780107245420-69402-3""]}","","false","true","improve aliases and keyword coverage","Manual review required."
"medium","Missing product type","47","Purchase Save Perf 1780107245420-69402-3","","","","Product type is missing.","","false","true","fill product type manually","Manual review required."
"medium","Missing Arabic search keywords","48","Purchase Save Perf 1780107245420-69402-4","","","","Arabic search keywords are missing.","","false","true","add Arabic search keywords","Manual review required."
"medium","Missing brand","48","Purchase Save Perf 1780107245420-69402-4","","","","Brand is missing.","","false","true","fill brand manually","Manual review required."
"medium","Missing category","48","Purchase Save Perf 1780107245420-69402-4","","","","Category is missing.","","false","true","fill category manually","Manual review required."
"medium","Missing English search keywords","48","Purchase Save Perf 1780107245420-69402-4","","","","English search keywords are missing.","","false","true","add English search keywords","Manual review required."
"medium","Search discoverability failures","48","Purchase Save Perf 1780107245420-69402-4","","","","{""best_self_score"":0,""queries"":[""Purchase Save Perf 1780107245420-69402-4"",""purchase-save-perf-1780107245420-69402-4"",""PSP-1780107245420-69402-4""]}","","false","true","improve aliases and keyword coverage","Manual review required."
"medium","Missing main images","48","Purchase Save Perf 1780107245420-69402-4","","","","main image missing","","false","true","upload/fix main image or approve fallback","No main image fallback is available in the catalog row."
"medium","Missing alias keywords","48","Purchase Save Perf 1780107245420-69402-4","","","","No AI-friendly alias keywords are configured.","","false","true","add AI-friendly alias keywords","Manual review required."
"medium","Low AI recommendation confidence","48","Purchase Save Perf 1780107245420-69402-4","","","","{""best_self_score"":0,""queries"":[""Purchase Save Perf 1780107245420-69402-4"",""purchase-save-perf-1780107245420-69402-4"",""PSP-1780107245420-69402-4""]}","","false","true","improve aliases and keyword coverage","Manual review required."
"medium","Missing product type","48","Purchase Save Perf 1780107245420-69402-4","","","","Product type is missing.","","false","true","fill product type manually","Manual review required."
"medium","Missing Arabic search keywords","49","Purchase Save Perf 1780107245420-69402-5","","","","Arabic search keywords are missing.","","false","true","add Arabic search keywords","Manual review required."
"medium","Missing brand","49","Purchase Save Perf 1780107245420-69402-5","","","","Brand is missing.","","false","true","fill brand manually","Manual review required."
"medium","Missing category","49","Purchase Save Perf 1780107245420-69402-5","","","","Category is missing.","","false","true","fill category manually","Manual review required."
"medium","Missing English search keywords","49","Purchase Save Perf 1780107245420-69402-5","","","","English search keywords are missing.","","false","true","add English search keywords","Manual review required."
"medium","Search discoverability failures","49","Purchase Save Perf 1780107245420-69402-5","","","","{""best_self_score"":0,""queries"":[""Purchase Save Perf 1780107245420-69402-5"",""purchase-save-perf-1780107245420-69402-5"",""PSP-1780107245420-69402-5""]}","","false","true","improve aliases and keyword coverage","Manual review required."
"medium","Missing main images","49","Purchase Save Perf 1780107245420-69402-5","","","","main image missing","","false","true","upload/fix main image or approve fallback","No main image fallback is available in the catalog row."
"medium","Missing alias keywords","49","Purchase Save Perf 1780107245420-69402-5","","","","No AI-friendly alias keywords are configured.","","false","true","add AI-friendly alias keywords","Manual review required."
"medium","Low AI recommendation confidence","49","Purchase Save Perf 1780107245420-69402-5","","","","{""best_self_score"":0,""queries"":[""Purchase Save Perf 1780107245420-69402-5"",""purchase-save-perf-1780107245420-69402-5"",""PSP-1780107245420-69402-5""]}","","false","true","improve aliases and keyword coverage","Manual review required."
"medium","Missing product type","49","Purchase Save Perf 1780107245420-69402-5","","","","Product type is missing.","","false","true","fill product type manually","Manual review required."
"medium","Missing Arabic search keywords","50","Purchase Save Perf 1780107399735-19711-1","","","","Arabic search keywords are missing.","","false","true","add Arabic search keywords","Manual review required."
"medium","Missing brand","50","Purchase Save Perf 1780107399735-19711-1","","","","Brand is missing.","","false","true","fill brand manually","Manual review required."
"medium","Missing category","50","Purchase Save Perf 1780107399735-19711-1","","","","Category is missing.","","false","true","fill category manually","Manual review required."
"medium","Missing English search keywords","50","Purchase Save Perf 1780107399735-19711-1","","","","English search keywords are missing.","","false","true","add English search keywords","Manual review required."
"medium","Search discoverability failures","50","Purchase Save Perf 1780107399735-19711-1","","","","{""best_self_score"":0,""queries"":[""Purchase Save Perf 1780107399735-19711-1"",""purchase-save-perf-1780107399735-19711-1"",""PSP-1780107399735-19711-1""]}","","false","true","improve aliases and keyword coverage","Manual review required."
"medium","Missing main images","50","Purchase Save Perf 1780107399735-19711-1","","","","main image missing","","false","true","upload/fix main image or approve fallback","No main image fallback is available in the catalog row."
"medium","Missing alias keywords","50","Purchase Save Perf 1780107399735-19711-1","","","","No AI-friendly alias keywords are configured.","","false","true","add AI-friendly alias keywords","Manual review required."
"medium","Low AI recommendation confidence","50","Purchase Save Perf 1780107399735-19711-1","","","","{""best_self_score"":0,""queries"":[""Purchase Save Perf 1780107399735-19711-1"",""purchase-save-perf-1780107399735-19711-1"",""PSP-1780107399735-19711-1""]}","","false","true","improve aliases and keyword coverage","Manual review required."
"medium","Missing product type","50","Purchase Save Perf 1780107399735-19711-1","","","","Product type is missing.","","false","true","fill product type manually","Manual review required."
"medium","Missing Arabic search keywords","51","Purchase Save Perf 1780107399735-19711-2","","","","Arabic search keywords are missing.","","false","true","add Arabic search keywords","Manual review required."
"medium","Missing brand","51","Purchase Save Perf 1780107399735-19711-2","","","","Brand is missing.","","false","true","fill brand manually","Manual review required."
"medium","Missing category","51","Purchase Save Perf 1780107399735-19711-2","","","","Category is missing.","","false","true","fill category manually","Manual review required."
"medium","Missing English search keywords","51","Purchase Save Perf 1780107399735-19711-2","","","","English search keywords are missing.","","false","true","add English search keywords","Manual review required."
"medium","Search discoverability failures","51","Purchase Save Perf 1780107399735-19711-2","","","","{""best_self_score"":0,""queries"":[""Purchase Save Perf 1780107399735-19711-2"",""purchase-save-perf-1780107399735-19711-2"",""PSP-1780107399735-19711-2""]}","","false","true","improve aliases and keyword coverage","Manual review required."
"medium","Missing main images","51","Purchase Save Perf 1780107399735-19711-2","","","","main image missing","","false","true","upload/fix main image or approve fallback","No main image fallback is available in the catalog row."
"medium","Missing alias keywords","51","Purchase Save Perf 1780107399735-19711-2","","","","No AI-friendly alias keywords are configured.","","false","true","add AI-friendly alias keywords","Manual review required."
"medium","Low AI recommendation confidence","51","Purchase Save Perf 1780107399735-19711-2","","","","{""best_self_score"":0,""queries"":[""Purchase Save Perf 1780107399735-19711-2"",""purchase-save-perf-1780107399735-19711-2"",""PSP-1780107399735-19711-2""]}","","false","true","improve aliases and keyword coverage","Manual review required."
"medium","Missing product type","51","Purchase Save Perf 1780107399735-19711-2","","","","Product type is missing.","","false","true","fill product type manually","Manual review required."
"medium","Missing Arabic search keywords","52","Purchase Save Perf 1780107399735-19711-3","","","","Arabic search keywords are missing.","","false","true","add Arabic search keywords","Manual review required."
"medium","Missing brand","52","Purchase Save Perf 1780107399735-19711-3","","","","Brand is missing.","","false","true","fill brand manually","Manual review required."
"medium","Missing category","52","Purchase Save Perf 1780107399735-19711-3","","","","Category is missing.","","false","true","fill category manually","Manual review required."
"medium","Missing English search keywords","52","Purchase Save Perf 1780107399735-19711-3","","","","English search keywords are missing.","","false","true","add English search keywords","Manual review required."
"medium","Search discoverability failures","52","Purchase Save Perf 1780107399735-19711-3","","","","{""best_self_score"":0,""queries"":[""Purchase Save Perf 1780107399735-19711-3"",""purchase-save-perf-1780107399735-19711-3"",""PSP-1780107399735-19711-3""]}","","false","true","improve aliases and keyword coverage","Manual review required."
"medium","Missing main images","52","Purchase Save Perf 1780107399735-19711-3","","","","main image missing","","false","true","upload/fix main image or approve fallback","No main image fallback is available in the catalog row."
"medium","Missing alias keywords","52","Purchase Save Perf 1780107399735-19711-3","","","","No AI-friendly alias keywords are configured.","","false","true","add AI-friendly alias keywords","Manual review required."
"medium","Low AI recommendation confidence","52","Purchase Save Perf 1780107399735-19711-3","","","","{""best_self_score"":0,""queries"":[""Purchase Save Perf 1780107399735-19711-3"",""purchase-save-perf-1780107399735-19711-3"",""PSP-1780107399735-19711-3""]}","","false","true","improve aliases and keyword coverage","Manual review required."
"medium","Missing product type","52","Purchase Save Perf 1780107399735-19711-3","","","","Product type is missing.","","false","true","fill product type manually","Manual review required."
"medium","Missing Arabic search keywords","53","Purchase Save Perf 1780107399735-19711-4","","","","Arabic search keywords are missing.","","false","true","add Arabic search keywords","Manual review required."
"medium","Missing brand","53","Purchase Save Perf 1780107399735-19711-4","","","","Brand is missing.","","false","true","fill brand manually","Manual review required."
"medium","Missing category","53","Purchase Save Perf 1780107399735-19711-4","","","","Category is missing.","","false","true","fill category manually","Manual review required."
"medium","Missing English search keywords","53","Purchase Save Perf 1780107399735-19711-4","","","","English search keywords are missing.","","false","true","add English search keywords","Manual review required."
"medium","Search discoverability failures","53","Purchase Save Perf 1780107399735-19711-4","","","","{""best_self_score"":0,""queries"":[""Purchase Save Perf 1780107399735-19711-4"",""purchase-save-perf-1780107399735-19711-4"",""PSP-1780107399735-19711-4""]}","","false","true","improve aliases and keyword coverage","Manual review required."
"medium","Missing main images","53","Purchase Save Perf 1780107399735-19711-4","","","","main image missing","","false","true","upload/fix main image or approve fallback","No main image fallback is available in the catalog row."
"medium","Missing alias keywords","53","Purchase Save Perf 1780107399735-19711-4","","","","No AI-friendly alias keywords are configured.","","false","true","add AI-friendly alias keywords","Manual review required."
"medium","Low AI recommendation confidence","53","Purchase Save Perf 1780107399735-19711-4","","","","{""best_self_score"":0,""queries"":[""Purchase Save Perf 1780107399735-19711-4"",""purchase-save-perf-1780107399735-19711-4"",""PSP-1780107399735-19711-4""]}","","false","true","improve aliases and keyword coverage","Manual review required."
"medium","Missing product type","53","Purchase Save Perf 1780107399735-19711-4","","","","Product type is missing.","","false","true","fill product type manually","Manual review required."
"medium","Missing Arabic search keywords","54","Purchase Save Perf 1780107399735-19711-5","","","","Arabic search keywords are missing.","","false","true","add Arabic search keywords","Manual review required."
"medium","Missing brand","54","Purchase Save Perf 1780107399735-19711-5","","","","Brand is missing.","","false","true","fill brand manually","Manual review required."
"medium","Missing category","54","Purchase Save Perf 1780107399735-19711-5","","","","Category is missing.","","false","true","fill category manually","Manual review required."
"medium","Missing English search keywords","54","Purchase Save Perf 1780107399735-19711-5","","","","English search keywords are missing.","","false","true","add English search keywords","Manual review required."
"medium","Search discoverability failures","54","Purchase Save Perf 1780107399735-19711-5","","","","{""best_self_score"":0,""queries"":[""Purchase Save Perf 1780107399735-19711-5"",""purchase-save-perf-1780107399735-19711-5"",""PSP-1780107399735-19711-5""]}","","false","true","improve aliases and keyword coverage","Manual review required."
"medium","Missing main images","54","Purchase Save Perf 1780107399735-19711-5","","","","main image missing","","false","true","upload/fix main image or approve fallback","No main image fallback is available in the catalog row."
"medium","Missing alias keywords","54","Purchase Save Perf 1780107399735-19711-5","","","","No AI-friendly alias keywords are configured.","","false","true","add AI-friendly alias keywords","Manual review required."
"medium","Low AI recommendation confidence","54","Purchase Save Perf 1780107399735-19711-5","","","","{""best_self_score"":0,""queries"":[""Purchase Save Perf 1780107399735-19711-5"",""purchase-save-perf-1780107399735-19711-5"",""PSP-1780107399735-19711-5""]}","","false","true","improve aliases and keyword coverage","Manual review required."
"medium","Missing product type","54","Purchase Save Perf 1780107399735-19711-5","","","","Product type is missing.","","false","true","fill product type manually","Manual review required."
"medium","Missing Arabic search keywords","55","Purchase Save Perf 1780107627699-17428-1","","","","Arabic search keywords are missing.","","false","true","add Arabic search keywords","Manual review required."
"medium","Missing brand","55","Purchase Save Perf 1780107627699-17428-1","","","","Brand is missing.","","false","true","fill brand manually","Manual review required."
"medium","Missing category","55","Purchase Save Perf 1780107627699-17428-1","","","","Category is missing.","","false","true","fill category manually","Manual review required."
"medium","Missing English search keywords","55","Purchase Save Perf 1780107627699-17428-1","","","","English search keywords are missing.","","false","true","add English search keywords","Manual review required."
"medium","Search discoverability failures","55","Purchase Save Perf 1780107627699-17428-1","","","","{""best_self_score"":0,""queries"":[""Purchase Save Perf 1780107627699-17428-1"",""purchase-save-perf-1780107627699-17428-1"",""PSP-1780107627699-17428-1""]}","","false","true","improve aliases and keyword coverage","Manual review required."
"medium","Missing main images","55","Purchase Save Perf 1780107627699-17428-1","","","","main image missing","","false","true","upload/fix main image or approve fallback","No main image fallback is available in the catalog row."
"medium","Missing alias keywords","55","Purchase Save Perf 1780107627699-17428-1","","","","No AI-friendly alias keywords are configured.","","false","true","add AI-friendly alias keywords","Manual review required."
"medium","Low AI recommendation confidence","55","Purchase Save Perf 1780107627699-17428-1","","","","{""best_self_score"":0,""queries"":[""Purchase Save Perf 1780107627699-17428-1"",""purchase-save-perf-1780107627699-17428-1"",""PSP-1780107627699-17428-1""]}","","false","true","improve aliases and keyword coverage","Manual review required."
"medium","Missing product type","55","Purchase Save Perf 1780107627699-17428-1","","","","Product type is missing.","","false","true","fill product type manually","Manual review required."
"medium","Missing Arabic search keywords","56","Purchase Save Perf 1780107627699-17428-2","","","","Arabic search keywords are missing.","","false","true","add Arabic search keywords","Manual review required."
"medium","Missing brand","56","Purchase Save Perf 1780107627699-17428-2","","","","Brand is missing.","","false","true","fill brand manually","Manual review required."
"medium","Missing category","56","Purchase Save Perf 1780107627699-17428-2","","","","Category is missing.","","false","true","fill category manually","Manual review required."
"medium","Missing English search keywords","56","Purchase Save Perf 1780107627699-17428-2","","","","English search keywords are missing.","","false","true","add English search keywords","Manual review required."
"medium","Search discoverability failures","56","Purchase Save Perf 1780107627699-17428-2","","","","{""best_self_score"":0,""queries"":[""Purchase Save Perf 1780107627699-17428-2"",""purchase-save-perf-1780107627699-17428-2"",""PSP-1780107627699-17428-2""]}","","false","true","improve aliases and keyword coverage","Manual review required."
"medium","Missing main images","56","Purchase Save Perf 1780107627699-17428-2","","","","main image missing","","false","true","upload/fix main image or approve fallback","No main image fallback is available in the catalog row."
"medium","Missing alias keywords","56","Purchase Save Perf 1780107627699-17428-2","","","","No AI-friendly alias keywords are configured.","","false","true","add AI-friendly alias keywords","Manual review required."
"medium","Low AI recommendation confidence","56","Purchase Save Perf 1780107627699-17428-2","","","","{""best_self_score"":0,""queries"":[""Purchase Save Perf 1780107627699-17428-2"",""purchase-save-perf-1780107627699-17428-2"",""PSP-1780107627699-17428-2""]}","","false","true","improve aliases and keyword coverage","Manual review required."
"medium","Missing product type","56","Purchase Save Perf 1780107627699-17428-2","","","","Product type is missing.","","false","true","fill product type manually","Manual review required."
"medium","Missing Arabic search keywords","57","Purchase Save Perf 1780107627699-17428-3","","","","Arabic search keywords are missing.","","false","true","add Arabic search keywords","Manual review required."
"medium","Missing brand","57","Purchase Save Perf 1780107627699-17428-3","","","","Brand is missing.","","false","true","fill brand manually","Manual review required."
"medium","Missing category","57","Purchase Save Perf 1780107627699-17428-3","","","","Category is missing.","","false","true","fill category manually","Manual review required."
"medium","Missing English search keywords","57","Purchase Save Perf 1780107627699-17428-3","","","","English search keywords are missing.","","false","true","add English search keywords","Manual review required."
"medium","Search discoverability failures","57","Purchase Save Perf 1780107627699-17428-3","","","","{""best_self_score"":0,""queries"":[""Purchase Save Perf 1780107627699-17428-3"",""purchase-save-perf-1780107627699-17428-3"",""PSP-1780107627699-17428-3""]}","","false","true","improve aliases and keyword coverage","Manual review required."
"medium","Missing main images","57","Purchase Save Perf 1780107627699-17428-3","","","","main image missing","","false","true","upload/fix main image or approve fallback","No main image fallback is available in the catalog row."
"medium","Missing alias keywords","57","Purchase Save Perf 1780107627699-17428-3","","","","No AI-friendly alias keywords are configured.","","false","true","add AI-friendly alias keywords","Manual review required."
"medium","Low AI recommendation confidence","57","Purchase Save Perf 1780107627699-17428-3","","","","{""best_self_score"":0,""queries"":[""Purchase Save Perf 1780107627699-17428-3"",""purchase-save-perf-1780107627699-17428-3"",""PSP-1780107627699-17428-3""]}","","false","true","improve aliases and keyword coverage","Manual review required."
"medium","Missing product type","57","Purchase Save Perf 1780107627699-17428-3","","","","Product type is missing.","","false","true","fill product type manually","Manual review required."
"medium","Missing Arabic search keywords","58","Purchase Save Perf 1780107627699-17428-4","","","","Arabic search keywords are missing.","","false","true","add Arabic search keywords","Manual review required."
"medium","Missing brand","58","Purchase Save Perf 1780107627699-17428-4","","","","Brand is missing.","","false","true","fill brand manually","Manual review required."
"medium","Missing category","58","Purchase Save Perf 1780107627699-17428-4","","","","Category is missing.","","false","true","fill category manually","Manual review required."
"medium","Missing English search keywords","58","Purchase Save Perf 1780107627699-17428-4","","","","English search keywords are missing.","","false","true","add English search keywords","Manual review required."
"medium","Search discoverability failures","58","Purchase Save Perf 1780107627699-17428-4","","","","{""best_self_score"":0,""queries"":[""Purchase Save Perf 1780107627699-17428-4"",""purchase-save-perf-1780107627699-17428-4"",""PSP-1780107627699-17428-4""]}","","false","true","improve aliases and keyword coverage","Manual review required."
"medium","Missing main images","58","Purchase Save Perf 1780107627699-17428-4","","","","main image missing","","false","true","upload/fix main image or approve fallback","No main image fallback is available in the catalog row."
"medium","Missing alias keywords","58","Purchase Save Perf 1780107627699-17428-4","","","","No AI-friendly alias keywords are configured.","","false","true","add AI-friendly alias keywords","Manual review required."
"medium","Low AI recommendation confidence","58","Purchase Save Perf 1780107627699-17428-4","","","","{""best_self_score"":0,""queries"":[""Purchase Save Perf 1780107627699-17428-4"",""purchase-save-perf-1780107627699-17428-4"",""PSP-1780107627699-17428-4""]}","","false","true","improve aliases and keyword coverage","Manual review required."
"medium","Missing product type","58","Purchase Save Perf 1780107627699-17428-4","","","","Product type is missing.","","false","true","fill product type manually","Manual review required."
"medium","Missing Arabic search keywords","59","Purchase Save Perf 1780107627699-17428-5","","","","Arabic search keywords are missing.","","false","true","add Arabic search keywords","Manual review required."
"medium","Missing brand","59","Purchase Save Perf 1780107627699-17428-5","","","","Brand is missing.","","false","true","fill brand manually","Manual review required."
"medium","Missing category","59","Purchase Save Perf 1780107627699-17428-5","","","","Category is missing.","","false","true","fill category manually","Manual review required."
"medium","Missing English search keywords","59","Purchase Save Perf 1780107627699-17428-5","","","","English search keywords are missing.","","false","true","add English search keywords","Manual review required."
"medium","Search discoverability failures","59","Purchase Save Perf 1780107627699-17428-5","","","","{""best_self_score"":0,""queries"":[""Purchase Save Perf 1780107627699-17428-5"",""purchase-save-perf-1780107627699-17428-5"",""PSP-1780107627699-17428-5""]}","","false","true","improve aliases and keyword coverage","Manual review required."
"medium","Missing main images","59","Purchase Save Perf 1780107627699-17428-5","","","","main image missing","","false","true","upload/fix main image or approve fallback","No main image fallback is available in the catalog row."
"medium","Missing alias keywords","59","Purchase Save Perf 1780107627699-17428-5","","","","No AI-friendly alias keywords are configured.","","false","true","add AI-friendly alias keywords","Manual review required."
"medium","Low AI recommendation confidence","59","Purchase Save Perf 1780107627699-17428-5","","","","{""best_self_score"":0,""queries"":[""Purchase Save Perf 1780107627699-17428-5"",""purchase-save-perf-1780107627699-17428-5"",""PSP-1780107627699-17428-5""]}","","false","true","improve aliases and keyword coverage","Manual review required."
"medium","Missing product type","59","Purchase Save Perf 1780107627699-17428-5","","","","Product type is missing.","","false","true","fill product type manually","Manual review required."
"medium","Missing Arabic search keywords","60","Jordan 4","","","","{""seo_keywords"":""Jordan 4, product, modern casual, Greyggg, Navy, Blackng, Blacknnn, Greynnn""}","","false","true","add Arabic search keywords","Manual review required."
"medium","Missing brand","60","Jordan 4","","","","Brand is missing.","","false","true","fill brand manually","Manual review required."
"medium","Search discoverability failures","60","Jordan 4","","","","{""best_self_score"":40,""queries"":[""Jordan 4"",""jordan-4"",""J4-J4""]}","","false","true","improve aliases and keyword coverage","Manual review required."
"medium","Low AI recommendation confidence","60","Jordan 4","","","","{""best_self_score"":40,""queries"":[""Jordan 4"",""jordan-4"",""J4-J4""]}","","false","true","improve aliases and keyword coverage","Manual review required."
"medium","Stock inconsistencies","60","Jordan 4","","","","product_stock=0; variant_stock_sum=0; active_variant_stock_sum=0","derive from variant stock (0)","false","true","reconcile product stock with variant stock","Derive AI-facing availability from active variant stock where the product is variant-managed; do not write back automatically."
"medium","Missing product type","60","Jordan 4","","","","Product type is missing.","","false","true","fill product type manually","Manual review required."
"medium","Zero selling price","60","Jordan 4","","","","selling_price=0; sale_price=0; display_price=0","","false","true","enter selling price manually","Never invent prices. Use admin UI/export workflow for manual completion."
"medium","Variant stock gaps","60","Jordan 4","210","Greyggg","41","stock=0; is_active=true","","false","true","reconcile or retire the variant","Variant is active but out of stock. Reconcile stock or retire from sellable catalog."
"medium","Search discoverability failures","64","Adidas Terrex X Goretex-2 نسخة","","","","{""best_self_score"":10,""queries"":[""Adidas Terrex X Goretex-2 نسخة"",""Adidas Adidas Terrex X Goretex-2 نسخة"",""adidas-terrex-x-goretex-2"",""ADS-M-MIR-2"",""Adidas crocs""]}","","false","true","improve aliases and keyword coverage","Manual review required."
"medium","Low AI recommendation confidence","64","Adidas Terrex X Goretex-2 نسخة","","","","{""best_self_score"":10,""queries"":[""Adidas Terrex X Goretex-2 نسخة"",""Adidas Adidas Terrex X Goretex-2 نسخة"",""adidas-terrex-x-goretex-2"",""ADS-M-MIR-2"",""Adidas crocs""]}","","false","true","improve aliases and keyword coverage","Manual review required."